logainm_id,permalink,irish,english,form_state,category_id,category,direct_counties,inferred_counties,parents,latitude,longitude,coordinate_usable,disposition
296,https://www.logainm.ie/296.aspx,Na hOirthir Uachtaracha,Orior Upper,bilingual,BAR,barony,Armagh | Down,Armagh | Down,CON:Armagh | CON:Down,54.141949640632205,-6.431363507153001,True,administrative_boundary_review
2121,https://www.logainm.ie/2121.aspx,Caisleán Mhic Conchúir,Castleconor,bilingual,PAR,civil parish,Mayo | Sligo,Mayo | Sligo,CON:Mayo | CON:Sligo | BAR:Tireragh | BAR:Tireragh,54.17005187965308,-9.062433977587407,True,administrative_boundary_review
2338,https://www.logainm.ie/2338.aspx,Teampall Uí Bhrídeáin,Templebredon,bilingual,PAR,civil parish,Limerick | Tipperary,Limerick | Tipperary,CON:Limerick | CON:Tipperary | BAR:Coonagh | BAR:Clanwilliam,52.49990920368773,-8.347233703249227,True,administrative_boundary_review
2751,https://www.logainm.ie/2751.aspx,An tIúr,Newry,bilingual,PAR,civil parish,Armagh | Down,Armagh | Down,CON:Armagh | CON:Down | BAR:Oneilland West | BAR:Orior Upper,54.2804919925629,-6.43413878111198,True,administrative_boundary_review
3254,https://www.logainm.ie/3254.aspx,,Bunclody-Carrickduff,english_only,ID,population centre,Carlow | Wexford,Carlow | Wexford,CON:Carlow | CON:Wexford | BAR:Forth | BAR:Scarawalsh | PAR:Barragh | PAR:Saint Mary's Newtownbarry,52.65563709289534,-6.655691771533817,True,administrative_boundary_review
28604,https://www.logainm.ie/28604.aspx,Cúil an tSúdaire,Portarlington,bilingual,B,town,Laois | Offaly,Laois | Offaly,CON:Laois | CON:Offaly | BAR:Portnahinch | BAR:Philipstown Upper | PAR:Lea | PAR:Clonyhurk,53.16059605234738,-7.190257842234528,True,administrative_boundary_review
55594,https://www.logainm.ie/55594.aspx,Buaile na Sceiche,Ballinaskea,bilingual,BF,townland,Cork | Wicklow,Cork | Wicklow,CON:Wicklow | CON:Cork | BAR:Ballinacor South | CTH:Cork | CBA:Arklow | PAR:Ballinacor | TR:Knockrath,52.979937925991145,-6.431321301271071,True,administrative_boundary_review
58474,https://www.logainm.ie/58474.aspx,,Macfinn Lower,english_only,BF,townland,Antrim | Derry,Antrim | Derry,CON:Derry | BAR:North-East Liberties of Coleraine | CON:Antrim | PAR:Ballymoney | BAR:Dunluce Upper,55.0820606056164,-6.5963439262205,True,administrative_boundary_review
62149,https://www.logainm.ie/62149.aspx,,Ballygan Upper,english_only,BF,townland,Antrim | Derry,Antrim | Derry,CON:Antrim | BAR:Dunluce Upper | CON:Derry | BAR:North-East Liberties of Coleraine | PAR:Ballymoney,55.086147313773424,-6.58109756673654,True,administrative_boundary_review
62162,https://www.logainm.ie/62162.aspx,,Ballywindelland Upper,english_only,BF,townland,Antrim | Derry,Antrim | Derry,CON:Antrim | BAR:Dunluce Upper | CON:Derry | BAR:North-East Liberties of Coleraine | PAR:Ballymoney,55.0935094877411,-6.589717690501136,True,administrative_boundary_review
62179,https://www.logainm.ie/62179.aspx,,Colebreene Lower,english_only,BF,townland,Antrim | Derry,Antrim | Derry,CON:Antrim | BAR:Dunluce Upper | CON:Derry | BAR:North-East Liberties of Coleraine | PAR:Ballymoney,55.08279006896932,-6.606589245781494,True,administrative_boundary_review
62208,https://www.logainm.ie/62208.aspx,,Heagles,english_only,BF,townland,Antrim | Derry,Antrim | Derry,CON:Antrim | BAR:Dunluce Upper | CON:Derry | BAR:North-East Liberties of Coleraine | PAR:Ballymoney,55.115915926617035,-6.568819384337778,True,administrative_boundary_review
62231,https://www.logainm.ie/62231.aspx,,Seacon Lower,english_only,BF,townland,Antrim | Derry,Antrim | Derry,CON:Antrim | BAR:Dunluce Upper | CON:Derry | BAR:North-East Liberties of Coleraine | PAR:Ballymoney,55.09286477050973,-6.571909919560314,True,administrative_boundary_review
62232,https://www.logainm.ie/62232.aspx,,Seacon More,english_only,BF,townland,Antrim | Derry,Antrim | Derry,CON:Antrim | BAR:Dunluce Upper | CON:Derry | BAR:North-East Liberties of Coleraine | PAR:Ballymoney,55.1013755638389,-6.5647973666277935,True,administrative_boundary_review
67159,https://www.logainm.ie/67159.aspx,An Airglinn,Araglin River,bilingual,ABH,river,Cork | Tipperary | Waterford,Cork | Tipperary | Waterford,CON:Cork | CON:Waterford | CON:Tipperary,52.20632750176818,-8.058517891364364,True,plausible_cross_boundary_feature
67168,https://www.logainm.ie/67168.aspx,An Chlaoideach,Bilboa River,bilingual,ABH,river,Limerick | Tipperary,Limerick | Tipperary,CON:Limerick | CON:Tipperary,52.65415449599929,-8.22537230061047,True,plausible_cross_boundary_feature
67183,https://www.logainm.ie/67183.aspx,Gleann an Chláir,Clare Glen,bilingual,GL,valley,Limerick | Tipperary,Limerick | Tipperary,CON:Limerick | CON:Tipperary,52.68471434876757,-8.395601607525697,True,plausible_cross_boundary_feature
67184,https://www.logainm.ie/67184.aspx,Abhainn an Chláir,Clare River,bilingual,ABH,river,Limerick | Tipperary,Limerick | Tipperary,CON:Limerick | CON:Tipperary,52.6999074102671,-8.26481192965452,True,plausible_cross_boundary_feature
67200,https://www.logainm.ie/67200.aspx,Na Gaibhlte,Galty Mountains | Galtee Mountains,bilingual,SL,mountain or mountain range,Limerick | Tipperary,Limerick | Tipperary,CON:Limerick | CON:Tipperary,52.37115519096123,-8.1622567959858,True,plausible_cross_boundary_feature
67201,https://www.logainm.ie/67201.aspx,Cnoc Mór na nGaibhlte,Galtymore Mountain,bilingual,SL,mountain or mountain range,Limerick | Tipperary,Limerick | Tipperary,CON:Limerick | CON:Tipperary,52.3666403501448,-8.17692263812664,True,plausible_cross_boundary_feature
67203,https://www.logainm.ie/67203.aspx,Gleann Eatharlaí,Glen of Aherlow,bilingual,GL,valley,Limerick | Tipperary,Limerick | Tipperary,CON:Limerick | CON:Tipperary,52.42149610271988,-8.154356200931748,True,plausible_cross_boundary_feature
67207,https://www.logainm.ie/67207.aspx,Machaire na Mumhan,Golden Vale,bilingual,D,locality,Limerick | Tipperary,Limerick | Tipperary,CON:Limerick | CON:Tipperary,52.48666887664673,-8.143542502079784,True,plausible_cross_boundary_feature
67220,https://www.logainm.ie/67220.aspx,Sléibhte Chnoc Mhaoldomhnaigh,Knockmealdown Mountains,bilingual,SL,mountain or mountain range,Tipperary | Waterford,Tipperary | Waterford,CON:Waterford | CON:Tipperary,52.22563425037188,-7.91364867268432,True,plausible_cross_boundary_feature
67224,https://www.logainm.ie/67224.aspx,An Loinneán,Lingaun River,bilingual,ABH,river,Kilkenny | Tipperary,Kilkenny | Tipperary,CON:Kilkenny | CON:Tipperary | BAR:Iverk | BAR:Iffa and Offa East | PAR:Tibberaghny | PAR:Newtownlennan,52.419530308648575,-7.474475631963422,True,plausible_cross_boundary_feature
67225,https://www.logainm.ie/67225.aspx,An Bhrosnach Bheag,Little Brosna River,bilingual,ABH,river,Offaly | Tipperary,Offaly | Tipperary,CON:Tipperary | CON:Offaly,53.139206097077846,-8,True,plausible_cross_boundary_feature
67232,https://www.logainm.ie/67232.aspx,An Mhaoilchearn,Mulkear River,bilingual,ABH,river,Limerick | Tipperary,Limerick | Tipperary,CON:Limerick | BAR:Clanwilliam | PAR:Clonkeen | BF:Clonkeen (Molyneux) | BF:Clonkeen (Barrington) | CON:Tipperary,52.67928453040949,-8.406643098149289,True,plausible_cross_boundary_feature
67235,https://www.logainm.ie/67235.aspx,An Abha Mhuimhneach,Munster River,bilingual,ABH,river,Kilkenny | Tipperary,Kilkenny | Tipperary,CON:Kilkenny | CON:Tipperary,52.600204850968304,-7.48043424723679,True,plausible_cross_boundary_feature
67239,https://www.logainm.ie/67239.aspx,Abhainn Uaithne,Newport River,bilingual,ABH,river,Limerick | Tipperary,Limerick | Tipperary,CON:Limerick | CON:Tipperary,52.70212299072583,-8.429047297012968,True,plausible_cross_boundary_feature
67241,https://www.logainm.ie/67241.aspx,Abhainn Chalatroma,Ollatrim River,bilingual,ABH,river,Offaly | Tipperary,Offaly | Tipperary,CON:Tipperary | BAR:Ormond Upper | PAR:Aghnameadle | BF:Ollatrim | CON:Offaly,52.8893550734269,-8.074291818973167,True,plausible_cross_boundary_feature
67248,https://www.logainm.ie/67248.aspx,An Eatharlach,River Aherlow,bilingual,ABH,river,Limerick | Tipperary,Limerick | Tipperary,CON:Limerick | CON:Tipperary,52.4215308118473,-8.12495509554491,True,plausible_cross_boundary_feature
67251,https://www.logainm.ie/67251.aspx,Abhainn na Fuinseann,River Funshion,bilingual,ABH,river,Cork | Limerick | Tipperary,Cork | Limerick | Tipperary,CON:Cork | BAR:Condons and Clangibbon | PAR:Aghacross | PAR:Derryvillane | CON:Limerick | CON:Tipperary,52.24334711128445,-8.263550022366994,True,plausible_cross_boundary_feature
67253,https://www.logainm.ie/67253.aspx,An Uidhir,River Nier | The Nier,bilingual,ABH,river,Tipperary | Waterford,Tipperary | Waterford,CON:Waterford | BAR:Glenahiry | BAR:Upperthird | PAR:Mothel | BF:Coolnahorna | CON:Tipperary,52.27489406782681,-7.780219319142581,True,plausible_cross_boundary_feature
67254,https://www.logainm.ie/67254.aspx,An Fheoir,River Nore,bilingual,ABH,river,Kilkenny | Laois | Tipperary | Waterford,Kilkenny | Laois | Tipperary | Waterford | Wexford,CON:Kilkenny | BAR:Shillelogher | BAR:Crannagh | BAR:Ida | BAR:Kilkenny | CON:Laois | CON:Waterford | CON:Tipperary,52.902209515698694,-7.782260516715038,True,plausible_cross_boundary_feature
67256,https://www.logainm.ie/67256.aspx,An tSiúir,River Suir,bilingual,ABH,river,Kilkenny | Tipperary | Waterford,Kilkenny | Tipperary | Waterford,CON:Kilkenny | CON:Waterford | CON:Tipperary,52.69567139928993,-7.907546644774653,True,plausible_cross_boundary_feature
67264,https://www.logainm.ie/67264.aspx,Sliabh Ardach,Slieveardagh Hills | Slievardagh Hills,bilingual,SL,mountain or mountain range,Kilkenny | Tipperary,Kilkenny | Tipperary,CON:Kilkenny | CON:Tipperary,52.644456021605805,-7.531623808753891,True,plausible_cross_boundary_feature
101065,https://www.logainm.ie/101065.aspx,An Cheacha,Caha Mountains,bilingual,SL,mountain or mountain range,Cork | Kerry,Cork | Kerry,CON:Kerry | CON:Cork | BAR:Bear | BAR:Glanarought,51.73465395727389,-9.737263467520009,True,plausible_cross_boundary_feature
101183,https://www.logainm.ie/101183.aspx,An Fhéil,River Feale,bilingual,ABH,river,Cork | Kerry | Limerick,Cork | Kerry | Limerick,CON:Kerry | BAR:Trughanacmy | PAR:Brosna | CON:Cork | CON:Limerick,52.376970599679694,-9.431900491075368,True,plausible_cross_boundary_feature
101200,https://www.logainm.ie/101200.aspx,An Gháile,Galey River,bilingual,ABH,river,Kerry | Limerick,Kerry | Limerick,CON:Kerry | BAR:Iraghticonnor | PAR:Galey | CON:Limerick,52.449377443875996,-9.390113459618837,True,plausible_cross_boundary_feature
101224,https://www.logainm.ie/101224.aspx,Bealach Scairte,Healy Pass,bilingual,BEAR,pass,Cork | Kerry,Cork | Kerry,CON:Kerry | BAR:Glanarought | PAR:Tuosist | CON:Cork | BAR:Bear | BF:Coolcreen,51.72133,-9.75644,True,plausible_cross_boundary_feature
101226,https://www.logainm.ie/101226.aspx,Cnoc Daod,Knockday or Hungry Hill,bilingual,SL,mountain or mountain range,Cork | Kerry,Cork | Kerry,CON:Cork | BAR:Bear | CON:Kerry | BAR:Glanarought | PAR:Killaconenagh | PAR:Tuosist | BF:Rossmackowen Commons,51.6798787337917,-9.79300911209099,True,plausible_cross_boundary_feature
102004,https://www.logainm.ie/102004.aspx,An Dúghlais,Douglas River,bilingual,ABH,river,Carlow | Wicklow,Carlow | Wicklow,CON:Carlow | BAR:Rathvilly | PAR:Rathvilly | CON:Wicklow,52.725420000000014,-6.747600000000001,True,plausible_cross_boundary_feature
102019,https://www.logainm.ie/102019.aspx,Bearna an Scalaigh,Scullogue Gap,bilingual,BEAR,pass,Carlow | Wexford,Carlow | Wexford,CON:Carlow | CON:Wexford | BAR:Idrone East | BAR:Scarawalsh | PAR:Kiltennell | PAR:Templeshanbo,52.57679999999999,-6.79939,True,plausible_cross_boundary_feature
103005,https://www.logainm.ie/103005.aspx,Loch Cinnéile,Lough Kinale,bilingual,L,lake or lakes,Cavan | Longford | Westmeath,Cavan | Longford | Meath | Westmeath,CON:Cavan | CON:Westmeath | CON:Longford | BAR:Clanmahon | BAR:Granard | BAR:Fore | PAR:Drumlumman | PAR:Abbeylara | PAR:Foyran,53.7770960766166,-7.408363001755109,True,plausible_cross_boundary_feature
105009,https://www.logainm.ie/105009.aspx,Bréifne,Breffni,bilingual,D,locality,Cavan | Leitrim,Cavan | Leitrim,CON:Cavan | CON:Leitrim,0,0,False,plausible_cross_boundary_feature
105022,https://www.logainm.ie/105022.aspx,Binn Chuilceach,Cuilcagh,bilingual,SL,mountain or mountain range,Cavan | Fermanagh,Cavan | Fermanagh,CON:Cavan | CON:Fermanagh | BAR:Tullyhaw | BAR:Clanawley | PAR:Kinawley | PAR:Kinawley,54.2007169978079,-7.816101809870669,True,plausible_cross_boundary_feature
105030,https://www.logainm.ie/105030.aspx,Loch na nGoincíní,Guinikin Lough,bilingual,L,lake or lakes,Cavan | Longford,Cavan | Longford,CON:Cavan | CON:Longford | BAR:Tullyhunco | BAR:Granard | PAR:Killashandra | PAR:Killoe | BF:Drumnawall | BF:Drumhalry,53.91698749400631,-7.5920592418303094,True,plausible_cross_boundary_feature
105050,https://www.logainm.ie/105050.aspx,Loch Síleann,Lough Sheelin,bilingual,L,lake or lakes,Cavan | Westmeath,Cavan | Meath | Westmeath,CON:Cavan | CON:Westmeath | BAR:Clanmahon | BAR:Fore | PAR:Ballymachugh | PAR:Drumlumman | PAR:Kilbride | PAR:Foyran,53.8035668434703,-7.316910793963312,True,plausible_cross_boundary_feature
106014,https://www.logainm.ie/106014.aspx,An Abhainn Dubh | Séile,River Blackwater,bilingual,ABH,river,Cavan | Meath,Cavan | Meath,CON:Meath | BAR:Kells Upper | PAR:Teltown | BF:Teltown | CON:Cavan,53.70477824079496,-6.788377490490204,True,plausible_cross_boundary_feature
106078,https://www.logainm.ie/106078.aspx,An Mháiteog,Mattock River,bilingual,ABH,river,Louth | Meath,Louth | Meath,CON:Louth | CON:Meath,0,0,False,plausible_cross_boundary_feature
106097,https://www.logainm.ie/106097.aspx,Droichead Uí Dhálaigh,O'Daly's Bridge,bilingual,DR,bridge,Cavan | Meath,Cavan | Meath,CON:Cavan | CON:Meath | BAR:Castlerahan | BAR:Kells Upper | PAR:Castlerahan | PAR:Kilskeer | PAR:Loughan or Castlekeeran,53.76883228271731,-7.011098710505567,True,plausible_cross_boundary_feature
106126,https://www.logainm.ie/106126.aspx,Abhainn Áth na gCloch,Stonyford River,bilingual,ABH,river,Meath | Westmeath,Meath | Westmeath,CON:Meath | BAR:Lune | PAR:Kildalkey | PAR:Killaconnigan | CON:Westmeath,53.52622000000001,-6.9063,True,plausible_cross_boundary_feature
108016,https://www.logainm.ie/108016.aspx,An Daoil,River Deel,bilingual,ABH,river,Meath | Westmeath,Meath | Westmeath,CON:Westmeath | BAR:Delvin | BAR:Farbill | CON:Meath,53.4867513122319,-6.99054208304964,True,plausible_cross_boundary_feature
109015,https://www.logainm.ie/109015.aspx,Móin Alúine,Bog of Allen,bilingual,POR,bog,Kildare | Offaly,Kildare | Offaly,CON:Kildare | CON:Offaly,53.226801520326504,-7.0715440759915005,True,plausible_cross_boundary_feature
110012,https://www.logainm.ie/110012.aspx,Béal Átha an Chatha,Battle Bridge | Battlebridge,bilingual,ID,population centre,Leitrim | Roscommon,Leitrim | Roscommon,CON:Roscommon | BAR:Boyle | PAR:Tumna | BF:Lustia | CON:Leitrim,53.996502913189495,-8.080799813315664,True,administrative_boundary_review
110013,https://www.logainm.ie/110013.aspx,Loc Bhéal Átha an Chatha,Battle Bridge Lock | Battlebridge Lock,bilingual,GS,man-made feature,Leitrim | Roscommon,Leitrim | Roscommon,CON:Roscommon | BAR:Boyle | PAR:Tumna | BF:Lustia | CON:Leitrim,53.99463485364062,-8.079271164170166,True,manual_review
110018,https://www.logainm.ie/110018.aspx,Droichead Bhéal an tSnámha,Bellantra Bridge,bilingual,DR,bridge,Leitrim | Roscommon,Leitrim | Roscommon,CON:Leitrim | CON:Roscommon | BAR:Boyle | CBA:Ballinamore | PAR:Kilronan | TR:Drumshanbo | BF:Mahanagh | BF:Aghafin,53.85399746768999,-7.805511628683035,True,plausible_cross_boundary_feature
110035,https://www.logainm.ie/110035.aspx,Clann Chonnmhaigh,Clanconway,bilingual,D,locality,Galway | Roscommon,Galway | Roscommon,CON:Galway | CON:Roscommon,0,0,False,plausible_cross_boundary_feature
111196,https://www.logainm.ie/111196.aspx,Cnoc an Tobair,Holywell Hill,bilingual,CN,hill or hills,Derry | Donegal,Derry | Donegal,CON:Derry | CON:Donegal | BAR:Raphoe North | BAR:North-West Liberties of Derry | CBA:Inishowen | PAR:Killea | PAR:Templemore | TR:Killea | BF:Altaghaderry | BF:Whitehouse | BF:Ballymagrorty,54.99878460000001,-7.398251400000002,True,plausible_cross_boundary_feature
112066,https://www.logainm.ie/112066.aspx,Loch Gile,Lough Gill,bilingual,L,lake or lakes,Leitrim | Sligo,Leitrim | Sligo,CON:Leitrim | CON:Sligo,54.2541557425522,-8.383617065000012,True,plausible_cross_boundary_feature
112109,https://www.logainm.ie/112109.aspx,Uí Fhiachrach,,irish_only,D,locality,Mayo | Sligo,Mayo | Sligo,CON:Mayo | CON:Sligo,0,0,False,plausible_cross_boundary_feature
113005,https://www.logainm.ie/113005.aspx,Loch Airt,Art's Lough,bilingual,L,lake or lakes,Cork | Wicklow,Cork | Wicklow,CON:Wicklow | CON:Cork | BAR:Ballinacor South | CTH:Cork | CBA:Arklow | PAR:Ballinacor | TR:Knockrath | BF:Ballinaskea,52.9782547512533,-6.425450834614591,True,plausible_cross_boundary_feature
113063,https://www.logainm.ie/113063.aspx,An Doiríoch,Derry River,bilingual,ABH,river,Carlow | Wexford | Wicklow,Carlow | Wexford | Wicklow,CON:Carlow | CON:Wicklow | CON:Wexford,52.7272776086107,-6.549244224555811,True,plausible_cross_boundary_feature
113117,https://www.logainm.ie/113117.aspx,,Knocknagun,english_only,SL,mountain or mountain range,Dublin | Wicklow,Dublin | Wicklow,CON:Dublin | CON:Wicklow | BAR:Rathdown | BAR:Rathdown | PAR:Kiltiernan | PAR:Powerscourt | BF:Boranaraltry | BF:Tonygarrow,53.20601971710191,-6.25918510256618,True,plausible_cross_boundary_feature
113156,https://www.logainm.ie/113156.aspx,,Prince William's Seat,english_only,CARN,cairn,Dublin | Wicklow,Dublin | Wicklow,CON:Dublin | CON:Wicklow | BAR:Rathdown | BAR:Rathdown | PAR:Kiltiernan | PAR:Powerscourt | BF:Glencullen Mountain | BF:Cloon,53.202118996572494,-6.23838762349447,True,plausible_cross_boundary_feature
116018,https://www.logainm.ie/116018.aspx,Abhainn na hEoghancha,Annalee River,bilingual,ABH,river,Cavan | Monaghan,Cavan | Monaghan,CON:Cavan | CON:Monaghan | BAR:Clankee | BAR:Tullygarvey | BAR:Cremorne | PAR:Drumgoon | PAR:Kildrumsherdan | PAR:Larah | PAR:Shercock | PAR:Knockbride | PAR:Aghnamullen,54.0461509265624,-7.312938594468872,True,plausible_cross_boundary_feature
116032,https://www.logainm.ie/116032.aspx,Abhainn Áit Tí Uí Chorráin,Attychraan River or River Funshion,bilingual,ABH,river,Limerick | Tipperary,Limerick | Tipperary,CON:Limerick | CON:Tipperary,0,0,False,plausible_cross_boundary_feature
116041,https://www.logainm.ie/116041.aspx,Abha na Sceartán,Awnaskirtaun River,bilingual,ABH,river,Cork | Kerry,Cork | Kerry,CON:Kerry | BAR:Magunihy | PAR:Kilcummin | BF:Awnaskirtaun | CON:Cork,0,0,False,plausible_cross_boundary_feature
116044,https://www.logainm.ie/116044.aspx,Abhainn Bhaile an Doire,Ballinderry River,bilingual,ABH,river,Derry | Tyrone,Derry | Tyrone,CON:Derry | BAR:Loughinsholin | PAR:Ballinderry | BF:Ballinderry | CON:Tyrone,54.6334290950422,-6.63709369449346,True,plausible_cross_boundary_feature
116060,https://www.logainm.ie/116060.aspx,An Ruarach,Barora River,bilingual,ABH,river,Cavan | Meath,Cavan | Meath,CON:Cavan | CON:Meath,53.80283716133698,-6.920364171516716,True,plausible_cross_boundary_feature
116075,https://www.logainm.ie/116075.aspx,An Abhainn Dubh,Black River,bilingual,ABH,river,Galway | Mayo,Galway | Mayo,CON:Galway | CON:Mayo,53.52216439225321,-9.07061806724904,True,plausible_cross_boundary_feature
116087,https://www.logainm.ie/116087.aspx,An Abhainn Dubh,Blackwater River,bilingual,ABH,river,Cavan | Leitrim,Cavan | Leitrim,BAR:Tullyhaw | BAR:Carrigallen | CON:Cavan | CON:Leitrim,54.101741262881426,-7.751024082514787,True,plausible_cross_boundary_feature
116101,https://www.logainm.ie/116101.aspx,An Bhradóg,Bradoge River,bilingual,ABH,river,Donegal | Fermanagh | Leitrim,Donegal | Fermanagh | Leitrim,CON:Donegal | CON:Fermanagh | CON:Leitrim,54.456789128774794,-8.17733376587509,True,plausible_cross_boundary_feature
116104,https://www.logainm.ie/116104.aspx,An Bhréanach,Breanagh,bilingual,ABH,river,Cork | Kerry,Cork | Kerry,CON:Kerry | CON:Cork | BAR:Duhallow | BAR:Trughanacmy | PAR:Kilmeen | PAR:Brosna,52.283560443602674,-9.213958644887333,True,plausible_cross_boundary_feature
116130,https://www.logainm.ie/116130.aspx,Abhainn Cheathrú na hAille,Cahernahallia River,bilingual,ABH,river,Limerick | Tipperary,Limerick | Tipperary,CON:Limerick | CON:Tipperary | BAR:Coonagh | BAR:Clanwilliam | PAR:Castletown | PAR:Toem,52.5940255536802,-8.203732452552268,True,plausible_cross_boundary_feature
116154,https://www.logainm.ie/116154.aspx,An Chláideach,Cladagh or Swanlinbar River,bilingual,ABH,river,Cavan | Fermanagh,Cavan | Fermanagh,BAR:Tullyhaw | PAR:Kinawley | CON:Cavan | CON:Fermanagh,54.16466876656229,-7.75501549082076,True,plausible_cross_boundary_feature
116159,https://www.logainm.ie/116159.aspx,Abhainn na Coigríche,Clarbane River,bilingual,ABH,river,Armagh | Monaghan,Armagh | Monaghan,CON:Armagh | CON:Monaghan | BAR:Cremorne | BAR:Fews Upper,54.096761785190246,-6.6710595218906805,True,plausible_cross_boundary_feature
116170,https://www.logainm.ie/116170.aspx,An Chlóideach,Clodiagh River,bilingual,ABH,river,Laois | Offaly,Laois | Offaly,CON:Offaly | BAR:Ballycowan | CON:Laois | BAR:Tinnahinch | PAR:Lynally,53.18924206972767,-7.5810674749568125,True,plausible_cross_boundary_feature
116185,https://www.logainm.ie/116185.aspx,An Chlaoideach,Clydagh River,bilingual,ABH,river,Cork | Kerry,Cork | Kerry,CON:Kerry | BAR:Magunihy | CON:Cork | BAR:Muskerry East | PAR:Killaha,52.0010086739841,-9.33677305194792,True,plausible_cross_boundary_feature
116198,https://www.logainm.ie/116198.aspx,Abhainn Choill Chú,County River | Kilcoo River,bilingual,ABH,river,Fermanagh | Leitrim,Fermanagh | Leitrim,CON:Fermanagh | CON:Leitrim,54.3895003735119,-8.0923706011674,True,plausible_cross_boundary_feature
116200,https://www.logainm.ie/116200.aspx,Abhainn an Chontae,County Water,bilingual,ABH,river,Armagh | Monaghan,Armagh | Monaghan,CON:Armagh | CON:Monaghan | BAR:Cremorne | BAR:Fews Upper | PAR:Muckno | PAR:Newtownhamilton,54.15212560297431,-6.669152968003081,True,plausible_cross_boundary_feature
116209,https://www.logainm.ie/116209.aspx,An Abhainn Dubh,Cullies River,bilingual,ABH,river,Cavan | Leitrim,Cavan | Leitrim,CON:Leitrim | BAR:Carrigallen | PAR:Carrigallen | BF:Cullies | CON:Cavan,53.967294667644,-7.600978868637139,True,plausible_cross_boundary_feature
116216,https://www.logainm.ie/116216.aspx,An Eidhneach,Cushina River,bilingual,ABH,river,Kildare | Offaly,Kildare | Offaly,CON:Offaly | BAR:Coolestown | CBA:Edenderry | PAR:Clonsast | TR:Bracknagh | BF:Cushina | CON:Kildare,53.1821049419074,-7.1024294095289005,True,plausible_cross_boundary_feature
116218,https://www.logainm.ie/116218.aspx,Abhainn Dealgan,Dalgin River,bilingual,ABH,river,Galway | Mayo,Galway | Mayo | Roscommon,CON:Galway | BAR:Dunmore | CON:Mayo | BAR:Clanmorris | PAR:Addergoole | PAR:Kilvine | BF:Russelstown,53.6181637964113,-8.86882943087692,True,plausible_cross_boundary_feature
116227,https://www.logainm.ie/116227.aspx,An Níth,River Dee,bilingual,ABH,river,Louth | Meath,Louth | Meath,CON:Louth | CON:Meath,53.85859004118739,-6.464788810975361,True,plausible_cross_boundary_feature
116234,https://www.logainm.ie/116234.aspx,An Daoirín,Derreen River,bilingual,ABH,river,Carlow | Wicklow,Carlow | Wicklow,CON:Carlow | CON:Wicklow,52.7740812574184,-6.710710762621251,True,plausible_cross_boundary_feature
116240,https://www.logainm.ie/116240.aspx,An Abhainn Bheag,Derryhippoo River,bilingual,ABH,river,Galway | Roscommon,Galway | Roscommon,CON:Roscommon | BAR:Ballymoe | PAR:Kilbegnet | BF:Derryhippoo | CON:Galway,53.6067915886482,-8.342415859080972,True,plausible_cross_boundary_feature
116259,https://www.logainm.ie/116259.aspx,Abhainn an Droma Mhóir,Dromore River,bilingual,ABH,river,Cavan | Monaghan,Cavan | Monaghan,CON:Monaghan | BAR:Dartree | PAR:Ematris | BF:Dromore West | BF:Dromore East | CON:Cavan,54.0977939165072,-6.991049863163039,True,plausible_cross_boundary_feature
116264,https://www.logainm.ie/116264.aspx,An Duibh | Dubh,Duff River,bilingual,ABH,river,Leitrim | Sligo,Leitrim | Sligo,CON:Leitrim | CON:Sligo | BAR:Rosclogher | BAR:Carbury | PAR:Rossinver | PAR:Rossinver,54.4141515165538,-8.23208428975343,True,plausible_cross_boundary_feature
116294,https://www.logainm.ie/116294.aspx,Abhainn Fhiodh Gaibhle,Figile River,bilingual,ABH,river,Kildare | Offaly,Kildare | Offaly,CON:Offaly | BAR:Coolestown | PAR:Clonsast | CON:Kildare,53.209172502751905,-7.116833100061762,True,plausible_cross_boundary_feature
116297,https://www.logainm.ie/116297.aspx,An Fhinn,Finn River,bilingual,ABH,river,Fermanagh | Monaghan,Fermanagh | Monaghan,CON:Fermanagh | CON:Monaghan,54.180152050756,-7.1881779383202895,True,plausible_cross_boundary_feature
116357,https://www.logainm.ie/116357.aspx,An Ghrís,Greese,bilingual,ABH,river,Kildare | Wicklow,Kildare | Wicklow,CON:Kildare | BAR:Kilkea and Moone | PAR:Dunmanoge | BAR:Narragh and Reban East | PAR:Belan | PAR:Kilkea | PAR:Moone | PAR:Timolin | BF:Castleroe West | CON:Wicklow,53.0386887534057,-6.829068063992609,True,plausible_cross_boundary_feature
116408,https://www.logainm.ie/116408.aspx,An Lír,Lerr River,bilingual,ABH,river,Carlow | Kildare,Carlow | Kildare,CON:Kildare | BAR:Kilkea and Moone | PAR:Ballaghmoon | PAR:Castledermot | BF:Ballaghmoon | CON:Carlow,52.874992341709394,-6.91568035772408,True,plausible_cross_boundary_feature
116422,https://www.logainm.ie/116422.aspx,Abhainn na Loinge,Lung River,bilingual,ABH,river,Mayo | Roscommon,Mayo | Roscommon,CON:Mayo | CON:Roscommon,53.885061295572896,-8.56274164831831,True,plausible_cross_boundary_feature
116460,https://www.logainm.ie/116460.aspx,An Rí | Abhainn Ghleann Rí,Clanrye River | Newry River,bilingual,ABH,river,Down | Louth,Down | Louth,"CON:Down | BAR:Iveagh Lower, Upper Half | BAR:Iveagh Upper, Lower Half | BAR:Iveagh Upper, Upper Half | PAR:Aghaderg | PAR:Tullylish | PAR:Newry | PAR:Donaghmore | CON:Louth",54.2442067672941,-6.40447551621669,True,plausible_cross_boundary_feature
116469,https://www.logainm.ie/116469.aspx,An Abhainn Bheag,Ouveg River,bilingual,ABH,river,Kilkenny | Laois,Kilkenny | Laois,CON:Laois | BAR:Cullenagh | PAR:Dysartgallen | CON:Kilkenny,52.92687,-7.194140000000001,True,plausible_cross_boundary_feature
116515,https://www.logainm.ie/116515.aspx,Abhainn Náile,Owennayle River,bilingual,ABH,river,Cavan | Leitrim,Cavan | Leitrim,CON:Cavan | CON:Leitrim,54.2008485646563,-8.04597467027528,True,plausible_cross_boundary_feature
116552,https://www.logainm.ie/116552.aspx,An Bhearú,River Barrow,bilingual,ABH,river,Carlow | Kilkenny | Laois | Offaly | Wexford,Carlow | Kilkenny | Laois | Offaly | Wexford,CON:Carlow | CON:Kilkenny | CON:Laois | CON:Wexford | CON:Offaly,52.661898139465166,-7.253524542043639,True,plausible_cross_boundary_feature
116555,https://www.logainm.ie/116555.aspx,An Abhainn Mhór,River Blackwater,bilingual,ABH,river,Armagh | Monaghan | Tyrone,Armagh | Monaghan | Tyrone,CON:Armagh | CON:Monaghan | CON:Tyrone,54.464252304983304,-6.781544538162918,True,plausible_cross_boundary_feature
116563,https://www.logainm.ie/116563.aspx,An Bhóinn,River Boyne,bilingual,ABH,river,Kildare | Louth | Meath | Offaly,Kildare | Louth | Meath | Offaly,CON:Kildare | BAR:Carbury | PAR:Carrick | BF:Ballygibbon West | CON:Louth | CON:Meath | CON:Offaly,53.537207429254494,-6.6423897427193,True,plausible_cross_boundary_feature
116568,https://www.logainm.ie/116568.aspx,An Bhrosnach,River Brosna,bilingual,ABH,river,Offaly | Westmeath,Offaly | Westmeath,CON:Westmeath | CON:Offaly,53.33337845987051,-7.699757690275084,True,plausible_cross_boundary_feature
116569,https://www.logainm.ie/116569.aspx,Abhainn Bhun Abha,River Bunnoe,bilingual,ABH,river,Cavan | Monaghan,Cavan | Monaghan,BAR:Tullygarvey | BAR:Dartree | CON:Cavan | CON:Monaghan,54.09626737321613,-7.2098164607946424,True,plausible_cross_boundary_feature
116576,https://www.logainm.ie/116576.aspx,Abhainn na Deirge,River Derg,bilingual,ABH,river,Donegal | Tyrone,Donegal | Tyrone,CON:Donegal | BAR:Tirhugh | PAR:Templecarn | CON:Tyrone,54.67192129343672,-7.612457223873049,True,plausible_cross_boundary_feature
116596,https://www.logainm.ie/116596.aspx,An Ghabhal,River Goul,bilingual,ABH,river,Kilkenny | Laois,Kilkenny | Laois,CON:Kilkenny | CON:Laois,0,0,False,plausible_cross_boundary_feature
116599,https://www.logainm.ie/116599.aspx,Abhainn an Lagáin | An Lagán,River Lagan,bilingual,ABH,river,Louth | Monaghan,Louth | Monaghan,CON:Louth | BAR:Ardee | PAR:Clonkeen | BF:Lagan | CON:Monaghan,53.91341433410893,-6.660433556788679,True,plausible_cross_boundary_feature
116607,https://www.logainm.ie/116607.aspx,An Mhorn Bheag,River Mourne Beg,bilingual,ABH,river,Donegal | Tyrone,Donegal | Tyrone,CON:Donegal | BAR:Raphoe South | PAR:Donaghmore | CON:Tyrone,54.7037631514435,-7.76729168926805,True,plausible_cross_boundary_feature
116617,https://www.logainm.ie/116617.aspx,An tSláine,River Slaney,bilingual,ABH,river,Wexford | Wicklow,Wexford | Wicklow,CON:Wicklow | CON:Wexford,52.64988348963307,-6.470503696660609,True,plausible_cross_boundary_feature
116673,https://www.logainm.ie/116673.aspx,An Tulcha,Tolka River,bilingual,ABH,river,Dublin | Meath,Dublin | Meath,CON:Dublin | CON:Meath,53.408685795799805,-6.42087761763578,True,plausible_cross_boundary_feature
116687,https://www.logainm.ie/116687.aspx,An Ghraine,Woodford River,bilingual,ABH,river,Cavan | Fermanagh,Cavan | Fermanagh,CON:Cavan | CON:Fermanagh,54.0924317631462,-7.6178764725243,True,plausible_cross_boundary_feature
116715,https://www.logainm.ie/116715.aspx,An Ribhéar | Bá Neidíneach,Kenmare River,bilingual,BA,bay,Cork | Kerry,Cork | Kerry,CON:Kerry | BAR:Dunkerron South | BAR:Glanarought | CON:Cork,51.7492109629548,-9.955068308807851,True,plausible_cross_boundary_feature
117009,https://www.logainm.ie/117009.aspx,An Deighnín,Dinin River,bilingual,ABH,river,Carlow | Kilkenny | Laois,Carlow | Kilkenny | Laois,CON:Kilkenny | BAR:Fassadinin | PAR:Dysart | PAR:Mothell | CON:Carlow | CON:Laois,52.7874724984868,-7.21434093078191,True,plausible_cross_boundary_feature
118022,https://www.logainm.ie/118022.aspx,Dúbhearn,Dhu Varren,bilingual,ID,population centre,Antrim | Derry,Antrim | Derry,CON:Antrim | CON:Derry,0,0,False,administrative_boundary_review
121022,https://www.logainm.ie/121022.aspx,Uaimheanna na hÁirse Marmair,Marble Arch Caves,bilingual,UAIMH,"cave(s), souterrain(s)",Cavan | Fermanagh,Cavan | Fermanagh,CON:Cavan | CON:Fermanagh,0,0,False,plausible_cross_boundary_feature
122020,https://www.logainm.ie/122020.aspx,Sliabh Beatha,Slieve Beagh,bilingual,SL,mountain or mountain range,Fermanagh | Tyrone,Fermanagh | Tyrone,CON:Tyrone | BAR:Clogher | PAR:Clogher | BF:Grange Mountain Bar | CON:Fermanagh,54.3509475623559,-7.20019610662842,True,plausible_cross_boundary_feature
125009,https://www.logainm.ie/125009.aspx,An Chanáil Mhór,Grand Canal,bilingual,CAN,canal,Dublin | Galway | Kildare | Offaly,Dublin | Galway | Kildare | Offaly,CON:Dublin | CON:Kildare | CON:Galway | CON:Offaly,53.3291063248131,-8.19513935168246,True,plausible_cross_boundary_feature
125024,https://www.logainm.ie/125024.aspx,Sliabh Bladhma,Slieve Bloom Mountains,bilingual,SL,mountain or mountain range,Laois | Offaly,Laois | Offaly,CON:Laois | CON:Offaly,53.0769667461135,-7.597081567116539,True,plausible_cross_boundary_feature
125026,https://www.logainm.ie/125026.aspx,Abhainn Airgid,Silver River,bilingual,ABH,river,Offaly | Westmeath,Offaly | Westmeath,CON:Offaly | BAR:Ballycowan | PAR:Durrow | CON:Westmeath,53.14758813755379,-7.654732236551638,True,plausible_cross_boundary_feature
125027,https://www.logainm.ie/125027.aspx,Abhainn Airgid,Silver River,bilingual,ABH,river,Laois | Offaly,Laois | Offaly,CON:Offaly | BAR:Garrycastle | CON:Laois | BAR:Tinnahinch | PAR:Gallen,53.086002634498605,-7.611923282070158,True,plausible_cross_boundary_feature
125028,https://www.logainm.ie/125028.aspx,An Abhainn Bhuí,Yellow River,bilingual,ABH,river,Offaly | Westmeath,Meath | Offaly | Westmeath,CON:Offaly | BAR:Warrenstown | BAR:Philipstown Lower | PAR:Ballyburly | PAR:Castlejordan | PAR:Croghan | CON:Westmeath,53.3889853562212,-7.1281478170599595,True,plausible_cross_boundary_feature
126058,https://www.logainm.ie/126058.aspx,An Barra,The Bar,bilingual,GNE,feature,Louth | Meath,Louth | Meath,CON:Louth | CON:Meath,0,0,False,plausible_cross_boundary_feature
135131,https://www.logainm.ie/135131.aspx,An Mhorn Bheag,Mourne Beg,bilingual,ID,population centre,Donegal | Tyrone,Donegal | Tyrone,CON:Tyrone | BAR:Omagh West | PAR:Termonamongan | CON:Donegal,54.69447746063471,-7.6432616309834405,True,administrative_boundary_review
137068,https://www.logainm.ie/137068.aspx,An Charraig,Corrig Mountain,bilingual,SL,mountain or mountain range,Dublin | Wicklow,Dublin | Wicklow,CON:Dublin | BAR:Uppercross | PAR:Tallaght | BF:Glassavullaun | CON:Wicklow,53.2133940095075,-6.36743358156978,True,plausible_cross_boundary_feature
137114,https://www.logainm.ie/137114.aspx,Áth na hÉirice,Ford of Fine,bilingual,ATH,ford,Dublin | Meath,Dublin | Meath,CON:Meath | BAR:Duleek Upper | CBA:Ashbourne | PAR:Clonalvy | TR:Stamullin | BF:Flemingtown | BF:Naul | CON:Dublin,53.58717868749766,-6.311974100070004,True,plausible_cross_boundary_feature
1165245,https://www.logainm.ie/1165245.aspx,Abhainn an Lagáin,River Lagan,bilingual,ABH,river,Antrim | Down,Antrim | Down,CON:Antrim | CON:Down,54.502892923283724,-5.9775220344318125,True,plausible_cross_boundary_feature
1165248,https://www.logainm.ie/1165248.aspx,Abhainn Átha Féan,Fane River,bilingual,ABH,river,Armagh | Louth | Monaghan,Armagh | Louth | Monaghan,CON:Armagh | CON:Louth | CON:Monaghan,53.97096271876102,-6.468282078143716,True,plausible_cross_boundary_feature
1165281,https://www.logainm.ie/1165281.aspx,Abhainn Dealgan,Dalgan River,bilingual,ABH,river,Galway | Mayo,Galway | Mayo,CON:Galway | CON:Mayo,53.6769266419916,-8.81724884991941,True,plausible_cross_boundary_feature
1165290,https://www.logainm.ie/1165290.aspx,Abhainn Ealla,River Allow,bilingual,ABH,river,Cork | Limerick,Cork | Limerick,CON:Cork | CON:Limerick,52.2384658682515,-8.89305128183267,True,plausible_cross_boundary_feature
1165296,https://www.logainm.ie/1165296.aspx,Abhainn Ghabhra,Broadmeadow Water | Broadmeadow River,bilingual,ABH,river,Dublin | Meath,Dublin | Meath,CON:Dublin | CON:Meath,53.4692568540298,-6.252948182692869,True,plausible_cross_boundary_feature
1165311,https://www.logainm.ie/1165311.aspx,An Abhainn Mhór,River Blackwater,bilingual,ABH,river,Cork | Kerry | Waterford,Cork | Kerry | Waterford,CON:Kerry | CON:Cork | CON:Waterford,52.002424436798705,-8.538814133218445,True,plausible_cross_boundary_feature
1165338,https://www.logainm.ie/1165338.aspx,Abhainn na Reanna,Rinn River,bilingual,ABH,river,Leitrim | Longford,Leitrim | Longford,CON:Leitrim | CON:Longford,53.823404955517795,-7.863318569496511,True,plausible_cross_boundary_feature
1165345,https://www.logainm.ie/1165345.aspx,Abhainn Rí,Kings River,bilingual,ABH,river,Kilkenny | Tipperary,Kilkenny | Tipperary,CON:Kilkenny | CON:Tipperary,52.54635960135781,-7.498761221880482,True,plausible_cross_boundary_feature
1165364,https://www.logainm.ie/1165364.aspx,An Ailbhine,Delvin River,bilingual,ABH,river,Dublin | Meath,Dublin | Meath,CON:Dublin | CON:Meath,53.6309257514058,-6.2462750274533,True,plausible_cross_boundary_feature
1165494,https://www.logainm.ie/1165494.aspx,An Bhanna,River Bann,bilingual,ABH,river,Derry | Down,Derry | Down,CON:Derry | CON:Down,54.680495381808775,-6.441628838939859,True,plausible_cross_boundary_feature
1165508,https://www.logainm.ie/1165508.aspx,Béal na Sionainne,Mouth of the Shannon,bilingual,IN,estuary,Clare | Kerry,Clare | Kerry,CON:Kerry | CON:Clare,52.5420657944198,-9.84268614390137,True,plausible_cross_boundary_feature
1165563,https://www.logainm.ie/1165563.aspx,An Bhríd,River Bride,bilingual,ABH,river,Cork | Waterford,Cork | Waterford,CON:Cork | CON:Waterford,52.066401436546236,-8.204170762963,True,plausible_cross_boundary_feature
1165623,https://www.logainm.ie/1165623.aspx,An Chanáil Ríoga,Royal Canal,bilingual,CAN,canal,Dublin | Longford,Dublin | Longford,CON:Dublin | CON:Longford,53.6527235671712,-7.9092474902594585,True,plausible_cross_boundary_feature
1165628,https://www.logainm.ie/1165628.aspx,An Caoláire Rua,Killary Harbour,bilingual,IN,estuary,Galway | Mayo,Galway | Mayo,CON:Galway | CON:Mayo,53.59977504390057,-9.76681703045187,True,plausible_cross_boundary_feature
1165765,https://www.logainm.ie/1165765.aspx,Cipiúr,Kippure,bilingual,SL,mountain or mountain range,Dublin | Wicklow,Dublin | Wicklow,CON:Dublin | CON:Wicklow | BAR:Uppercross | BAR:Talbotstown Lower | PAR:Tallaght | PAR:Kilbride | BF:Castlekelly | BF:Kippure,53.1773841137012,-6.33065483711059,True,plausible_cross_boundary_feature
1165828,https://www.logainm.ie/1165828.aspx,An Cnoc Buí,Knockboy,bilingual,SL,mountain or mountain range,Cork | Kerry,Cork | Kerry,CON:Kerry | CON:Cork,51.8015653452946,-9.442596753968159,True,plausible_cross_boundary_feature
1165854,https://www.logainm.ie/1165854.aspx,Cnoic Dhoire na Sagart,Derrynasaggart Mountains,bilingual,SL,mountain or mountain range,Cork | Kerry,Cork | Kerry,CON:Cork | BAR:Muskerry West | PAR:Ballyvourney | BF:Derrynasaggart | CON:Kerry,51.9841313876251,-9.193692416553057,True,plausible_cross_boundary_feature
1165896,https://www.logainm.ie/1165896.aspx,An Corrshliabh,Curlew Mountains,bilingual,SL,mountain or mountain range,Roscommon | Sligo,Roscommon | Sligo,CON:Roscommon | CON:Sligo,53.9936456772457,-8.36596963902053,True,plausible_cross_boundary_feature
1165924,https://www.logainm.ie/1165924.aspx,Cruachán,Croghan Mountain,bilingual,SL,mountain or mountain range,Wexford | Wicklow,Wexford | Wicklow,CON:Wicklow | CON:Wexford,52.7962192871635,-6.324529612655269,True,plausible_cross_boundary_feature
1165947,https://www.logainm.ie/1165947.aspx,Cuan Chill Ala,Killala Bay,bilingual,BA,bay,Mayo | Sligo,Mayo | Sligo,CON:Mayo | CON:Sligo,54.2582568633512,-9.150987198053231,True,plausible_cross_boundary_feature
1165955,https://www.logainm.ie/1165955.aspx,Cuan Eochaille,Youghal Bay,bilingual,BA,bay,Cork | Waterford,Cork | Waterford,CON:Cork | CON:Waterford,51.9451307738177,-7.8400121827714,True,plausible_cross_boundary_feature
1165961,https://www.logainm.ie/1165961.aspx,Cuan na Gaillimhe,Galway Bay,bilingual,BA,bay,Clare | Galway,Clare | Galway,CON:Clare | CON:Galway,53.1787009312491,-9.271472371208597,True,plausible_cross_boundary_feature
1165964,https://www.logainm.ie/1165964.aspx,Cuan Phort Láirge,Waterford Harbour,bilingual,IN,estuary,Waterford | Wexford,Waterford | Wexford,CON:Wexford | CON:Waterford,52.174102300481,-6.932805130342761,True,plausible_cross_boundary_feature
1166033,https://www.logainm.ie/1166033.aspx,An Drobhaois,Drowes River,bilingual,ABH,river,Donegal | Leitrim,Donegal | Leitrim,CON:Donegal | CON:Leitrim,54.464734328278695,-8.284128853182168,True,plausible_cross_boundary_feature
1166036,https://www.logainm.ie/1166036.aspx,Droichead Gallaigh,Flurrybridge,bilingual,ID,population centre,Armagh | Louth,Armagh | Down | Louth,CON:Armagh | CON:Louth,54.0998898875795,-6.36415240917951,True,administrative_boundary_review
1166061,https://www.logainm.ie/1166061.aspx,Dúiche Sheoigheach,Joyce Country,bilingual,D,locality,Galway | Mayo,Galway | Mayo,CON:Galway | CON:Mayo,53.534440719046806,-9.583798439671751,True,plausible_cross_boundary_feature
1166093,https://www.logainm.ie/1166093.aspx,An Éirne | Samhaoir,River Erne,bilingual,ABH,river,Cavan | Donegal | Fermanagh | Longford,Cavan | Donegal | Fermanagh | Longford,CON:Cavan | CON:Donegal | CON:Fermanagh | CON:Longford,54.182824362234804,-7.885105979573164,True,plausible_cross_boundary_feature
1166095,https://www.logainm.ie/1166095.aspx,An Eithne,Inny River,bilingual,ABH,river,Cavan | Longford | Meath | Westmeath,Cavan | Longford | Meath | Westmeath,CON:Cavan | CON:Westmeath | CON:Longford | CON:Meath,53.73217100108679,-7.408993988540199,True,plausible_cross_boundary_feature
1166108,https://www.logainm.ie/1166108.aspx,An Feabhal,River Foyle,bilingual,ABH,river,Derry | Donegal | Tyrone,Derry | Donegal | Tyrone,CON:Derry | CON:Donegal | CON:Tyrone,54.9539322915888,-7.375592427386201,True,plausible_cross_boundary_feature
1166236,https://www.logainm.ie/1166236.aspx,Inbhear na Sionainne,Shannon Estuary,bilingual,IN,estuary,Clare | Kerry | Limerick,Clare | Kerry | Limerick,CON:Kerry | CON:Clare | CON:Limerick,52.5714286049337,-9.68163969835513,True,plausible_cross_boundary_feature
1166274,https://www.logainm.ie/1166274.aspx,An Inneoin,Tang River,bilingual,ABH,river,Longford | Westmeath,Longford | Westmeath,CON:Westmeath | CON:Longford,53.53572937027471,-7.7737444752487,True,plausible_cross_boundary_feature
1166309,https://www.logainm.ie/1166309.aspx,An Life | Ruirtheach,River Liffey,bilingual,ABH,river,Dublin | Kildare | Wicklow,Dublin | Kildare | Wicklow,CON:Dublin | CON:Kildare | CON:Wicklow,53.25051830119663,-6.259999162942541,True,plausible_cross_boundary_feature
1166321,https://www.logainm.ie/1166321.aspx,Loch Aillionn,Lough Allen,bilingual,L,lake or lakes,Leitrim | Roscommon,Leitrim | Roscommon,CON:Leitrim | CON:Roscommon,54.1289540050489,-8.07649173508539,True,plausible_cross_boundary_feature
1166329,https://www.logainm.ie/1166329.aspx,An Loch Bán,Lough Bane,bilingual,L,lake or lakes,Meath | Westmeath,Meath | Westmeath,CON:Meath | BAR:Fore | PAR:Moylagh | CON:Westmeath,53.6859113310984,-7.18257718643275,True,plausible_cross_boundary_feature
1166330,https://www.logainm.ie/1166330.aspx,An Loch Beag,Lough Beg,bilingual,L,lake or lakes,Antrim | Derry,Antrim | Derry,CON:Antrim | CON:Derry,54.7932437292937,-6.476224618424798,True,plausible_cross_boundary_feature
1166334,https://www.logainm.ie/1166334.aspx,Loch Bó Dearg,Lough Boderg,bilingual,L,lake or lakes,Leitrim | Roscommon,Leitrim | Roscommon,CON:Leitrim | BAR:Mohill | PAR:Annaduff | CON:Roscommon,53.8684057492894,-7.969593766004512,True,plausible_cross_boundary_feature
1166335,https://www.logainm.ie/1166335.aspx,Loch Bó Finne,Lough Bofin,bilingual,L,lake or lakes,Leitrim | Roscommon,Leitrim | Roscommon,CON:Leitrim | CON:Roscommon,53.8504235322976,-7.939213597359171,True,plausible_cross_boundary_feature
1166336,https://www.logainm.ie/1166336.aspx,Loch Cairlinn,Carlingford Lough,bilingual,IN,estuary,Down | Louth,Down | Louth,CON:Louth | BAR:Dundalk Lower | PAR:Carlingford | CON:Down,54.079753967312605,-6.2121207987534,True,plausible_cross_boundary_feature
1166343,https://www.logainm.ie/1166343.aspx,Loch Coirib,Lough Corrib,bilingual,L,lake or lakes,Galway | Mayo,Galway | Mayo,CON:Galway | BAR:Ross | PAR:Cong | BF:Carrick East | CON:Mayo,53.51138284688943,-9.392455571364545,True,plausible_cross_boundary_feature
1166353,https://www.logainm.ie/1166353.aspx,Loch Deirgeirt,Lough Derg,bilingual,L,lake or lakes,Clare | Galway | Tipperary,Clare | Galway | Tipperary,CON:Clare | BAR:Leitrim | PAR:Clonrush | PAR:Inishcaltra | CON:Galway | CON:Tipperary,53.0234269082376,-8.26827925816561,True,plausible_cross_boundary_feature
1166362,https://www.logainm.ie/1166362.aspx,Loch Feabhail,Lough Foyle,bilingual,IN,estuary,Derry | Donegal,Derry | Donegal,CON:Derry | CON:Donegal,55.096114231257,-7.12272387927113,True,plausible_cross_boundary_feature
1166368,https://www.logainm.ie/1166368.aspx,Loch Gamhna,Lough Gowna,bilingual,L,lake or lakes,Cavan | Longford,Cavan | Longford,CON:Cavan | CON:Longford,53.8594565386277,-7.54400236123626,True,plausible_cross_boundary_feature
1166370,https://www.logainm.ie/1166370.aspx,Loch Ghleann an Chairthe,Glencar Lough,bilingual,L,lake or lakes,Leitrim | Sligo,Leitrim | Sligo,CON:Leitrim | CON:Sligo,54.3350160897848,-8.38436936914344,True,plausible_cross_boundary_feature
1166381,https://www.logainm.ie/1166381.aspx,Loch Lao,Belfast Lough,bilingual,IN,estuary,Antrim | Down,Antrim | Down,CON:Antrim | CON:Down,54.640472086777,-5.87774189373453,True,plausible_cross_boundary_feature
1166387,https://www.logainm.ie/1166387.aspx,Loch Mac nÉan Íochtair,Lough Macnean Lower or Lough Nilly,bilingual,L,lake or lakes,Cavan | Fermanagh,Cavan | Fermanagh,CON:Fermanagh | BAR:Clanawley | PAR:Killesher | CON:Cavan,54.2905866034303,-7.831059883018971,True,plausible_cross_boundary_feature
1166388,https://www.logainm.ie/1166388.aspx,Loch Mac nÉan Uachtair,Lough Macnean Upper,bilingual,L,lake or lakes,Cavan | Fermanagh | Leitrim,Cavan | Fermanagh | Leitrim,CON:Cavan | CON:Fermanagh | CON:Leitrim,54.308665463496,-7.95390525229841,True,plausible_cross_boundary_feature
1166390,https://www.logainm.ie/1166390.aspx,Loch Measca,Lough Mask,bilingual,L,lake or lakes,Galway | Mayo,Galway | Mayo,CON:Galway | BAR:Ross | CON:Mayo | BAR:Ross | PAR:Ross | PAR:Ballinrobe | BF:Cappaghnagapple or Petersburgh,53.61820398920344,-9.347160778306328,True,plausible_cross_boundary_feature
1166391,https://www.logainm.ie/1166391.aspx,Loch Meilbhe,Lough Melvin,bilingual,L,lake or lakes,Fermanagh | Leitrim,Fermanagh | Leitrim,CON:Fermanagh | CON:Leitrim,54.434359955519106,-8.154119186392712,True,plausible_cross_boundary_feature
1166400,https://www.logainm.ie/1166400.aspx,Loch nEathach,Lough Neagh,bilingual,L,lake or lakes,Antrim | Armagh | Derry | Tyrone,Antrim | Armagh | Derry | Tyrone,CON:Antrim | CON:Armagh | CON:Derry | CON:Tyrone,54.6485540430257,-6.40416939158771,True,plausible_cross_boundary_feature
1166403,https://www.logainm.ie/1166403.aspx,Loch Rí,Lough Ree,bilingual,L,lake or lakes,Longford | Roscommon | Westmeath,Longford | Roscommon | Westmeath,CON:Westmeath | CON:Longford | CON:Roscommon,53.5269423558352,-7.9396777242529,True,plausible_cross_boundary_feature
1166418,https://www.logainm.ie/1166418.aspx,Loch Uí Ghadhra,Lough Gara,bilingual,L,lake or lakes,Roscommon | Sligo,Roscommon | Sligo,CON:Roscommon | CON:Sligo,53.9394799137567,-8.44164073324171,True,plausible_cross_boundary_feature
1166437,https://www.logainm.ie/1166437.aspx,An Mháigh,River Maigue,bilingual,ABH,river,Cork | Limerick,Cork | Limerick,CON:Cork | CON:Limerick,52.508746858992545,-8.802777821374566,True,plausible_cross_boundary_feature
1166493,https://www.logainm.ie/1166493.aspx,An Mhuaidh,River Moy,bilingual,ABH,river,Mayo | Sligo,Mayo | Sligo,CON:Mayo | CON:Sligo,54.156313768161006,-8.99506252520198,True,plausible_cross_boundary_feature
1166509,https://www.logainm.ie/1166509.aspx,Mullach an Radhairc,Mullaghareirk Mountains,bilingual,SL,mountain or mountain range,Cork | Limerick,Cork | Limerick,CON:Cork | CON:Limerick,52.3267339531504,-9.0855339344119,True,plausible_cross_boundary_feature
1166605,https://www.logainm.ie/1166605.aspx,An Rí,Rye Water,bilingual,ABH,river,Kildare | Meath,Kildare | Meath,CON:Kildare | BAR:Salt North | PAR:Laraghbryan | BF:Carton Demesne | CON:Meath,53.383266495531,-6.5420686978466795,True,plausible_cross_boundary_feature
1166652,https://www.logainm.ie/1166652.aspx,Samhail | Samhail Phite Mhéabha,Sawel Mountain,bilingual,SL,mountain or mountain range,Derry | Tyrone,Derry | Tyrone,CON:Derry | CON:Tyrone | BAR:Strabane Upper | BAR:Tirkeeran | PAR:Banagher | PAR:Bodoney Upper,54.8169462184128,-7.03543725672547,True,plausible_cross_boundary_feature
1166693,https://www.logainm.ie/1166693.aspx,An tSionainn,River Shannon,bilingual,ABH,river,Cavan | Clare | Galway | Kerry | Leitrim | Limerick | Longford | Offaly | Roscommon | Tipperary | Westmeath,Cavan | Clare | Galway | Kerry | Leitrim | Limerick | Longford | Offaly | Roscommon | Tipperary | Westmeath,CON:Cavan | CON:Kerry | CON:Clare | CON:Galway | CON:Westmeath | CON:Leitrim | CON:Longford | CON:Limerick | CON:Roscommon | CON:Tipperary | CON:Offaly,53.39400283983496,-8.796870989804102,True,plausible_cross_boundary_feature
1166717,https://www.logainm.ie/1166717.aspx,Sliabh Bruachair,Brougher Mountain,bilingual,SL,mountain or mountain range,Fermanagh | Tyrone,Fermanagh | Tyrone,CON:Fermanagh | CON:Tyrone,54.42433788636961,-7.47612047635532,True,plausible_cross_boundary_feature
1166726,https://www.logainm.ie/1166726.aspx,Sliabh Eachtaí,Slieve Aughty Mountains,bilingual,SL,mountain or mountain range,Clare | Galway,Clare | Galway,CON:Clare | CON:Galway,53.09404808352651,-8.612083212095838,True,plausible_cross_boundary_feature
1166727,https://www.logainm.ie/1166727.aspx,Sliabh Eibhlinne,Slievefelim Mountains,bilingual,SL,mountain or mountain range,Limerick | Tipperary,Limerick | Tipperary,CON:Limerick | CON:Tipperary,52.6638481788301,-8.310417565755248,True,plausible_cross_boundary_feature
1166732,https://www.logainm.ie/1166732.aspx,Sliabh Gamh,Slieve Gamph or The Ox Mountains,bilingual,SL,mountain or mountain range,Mayo | Sligo,Mayo | Sligo,CON:Mayo | CON:Sligo,54.08007898144871,-8.97795824632231,True,plausible_cross_boundary_feature
1166748,https://www.logainm.ie/1166748.aspx,An Sliabh Riabhach,Ballyhoura Mountains,bilingual,SL,mountain or mountain range,Cork | Limerick,Cork | Limerick,CON:Cork | CON:Limerick,52.2946560508537,-8.513051199773619,True,plausible_cross_boundary_feature
1166751,https://www.logainm.ie/1166751.aspx,Sliabh Speirín,Sperrin Mountains,bilingual,SL,mountain or mountain range,Derry | Tyrone,Derry | Tyrone,CON:Derry | CON:Tyrone,54.8169462184128,-7.03543725672547,True,plausible_cross_boundary_feature
1166776,https://www.logainm.ie/1166776.aspx,Na Staighrí Dubha,Blackstairs Mountains,bilingual,SL,mountain or mountain range,Carlow | Wexford,Carlow | Wexford,CON:Carlow | CON:Wexford,52.550384516505304,-6.805744574052951,True,plausible_cross_boundary_feature
1166781,https://www.logainm.ie/1166781.aspx,Stua Laighean,Mount Leinster,bilingual,SL,mountain or mountain range,Carlow | Wexford,Carlow | Wexford,CON:Carlow | CON:Wexford,52.621965082151895,-6.77426000117366,True,plausible_cross_boundary_feature
1166783,https://www.logainm.ie/1166783.aspx,An tSuca,River Suck,bilingual,ABH,river,Galway | Mayo | Roscommon,Galway | Mayo | Roscommon,CON:Galway | CON:Mayo | CON:Roscommon,53.52195312675898,-8.346810689576694,True,plausible_cross_boundary_feature
1166802,https://www.logainm.ie/1166802.aspx,An Tarae,Slate River,bilingual,ABH,river,Kildare | Offaly,Kildare | Offaly,CON:Kildare | CON:Offaly,53.1997286672191,-7.057163211077341,True,plausible_cross_boundary_feature
1166871,https://www.logainm.ie/1166871.aspx,Uiscebhealach na Sionainne-na hÉirne,Shannon-Erne Waterway,bilingual,CAN,canal,Cavan | Fermanagh | Leitrim,Cavan | Fermanagh | Leitrim,CON:Cavan | CON:Fermanagh | CON:Leitrim,54.06584834983477,-7.763237461741752,True,plausible_cross_boundary_feature
1167098,https://www.logainm.ie/1167098.aspx,Bealach Ghleann na Suca,,irish_only,COS,footpath,Galway | Mayo | Roscommon,Galway | Mayo | Roscommon,CON:Galway | CON:Mayo | CON:Roscommon,0,0,False,plausible_cross_boundary_feature
1167108,https://www.logainm.ie/1167108.aspx,Baile Átha an Urchair,Horseleap,bilingual,ID,population centre,Offaly | Westmeath,Offaly | Westmeath,CON:Westmeath | CON:Offaly | BAR:Kilcoursey | BAR:Moycashel | PAR:Ardnurcher or Horseleap | PAR:Ardnurcher or Horseleap,53.4004644603726,-7.594032085710879,True,administrative_boundary_review
1375120,https://www.logainm.ie/1375120.aspx,Cnoc Rátha,Knockrath,bilingual,TR,electoral division,Cork | Wicklow,Cork | Wicklow,CON:Wicklow | CON:Cork | CTH:Cork | CBA:Arklow,52.96044467271934,-6.388126147801033,True,administrative_boundary_review
1375397,https://www.logainm.ie/1375397.aspx,Lochán Dúnáin,Loughaundoonan,bilingual,L,lake or lakes,Galway | Mayo,Galway | Mayo,CON:Galway | BAR:Ballynahinch | PAR:Moyrus | BF:Lissoughter | CON:Mayo,53.46301094820367,-9.715250537266629,True,plausible_cross_boundary_feature
1400284,https://www.logainm.ie/1400284.aspx,Teach Scair na Carraige,Rockshire House,bilingual,SR,street,Kilkenny | Waterford,Kilkenny | Waterford,CON:Kilkenny | CON:Waterford | CTH:Waterford | CTH:Kilkenny,52.2696601054893,-7.10825548124661,True,waterford_city_hierarchy_review
1400463,https://www.logainm.ie/1400463.aspx,Geata an Uisce,Water Gate,bilingual,SR,street,Kilkenny | Waterford,Kilkenny | Waterford,CON:Kilkenny | CON:Waterford | CTH:Waterford | CTH:Kilkenny,52.2695677855183,-7.13696044544048,True,waterford_city_hierarchy_review
1400612,https://www.logainm.ie/1400612.aspx,Bóthar na Rátha Nua,Newrath Road,bilingual,SR,street,Kilkenny | Waterford,Kilkenny | Waterford,CON:Kilkenny | CON:Waterford | CTH:Waterford | CTH:Kilkenny,52.2729996393737,-7.13057833083585,True,waterford_city_hierarchy_review
1400613,https://www.logainm.ie/1400613.aspx,An Choill Gheal,Silverwood,bilingual,SR,street,Kilkenny | Waterford,Kilkenny | Waterford,CON:Kilkenny | CON:Waterford | CTH:Waterford | CTH:Kilkenny,52.2701342285528,-7.1079529248083695,True,waterford_city_hierarchy_review
1400617,https://www.logainm.ie/1400617.aspx,Daracha an Chaisleáin,Castle Oaks,bilingual,SR,street,Kilkenny | Waterford,Kilkenny | Waterford,CON:Kilkenny | CON:Waterford | CTH:Waterford | CTH:Kilkenny,52.2677243866542,-7.10546661540455,True,waterford_city_hierarchy_review
1400618,https://www.logainm.ie/1400618.aspx,Bóthar Chnoc Shióin,Mount Sion Road,bilingual,SR,street,Kilkenny | Waterford,Kilkenny | Waterford,CON:Kilkenny | CON:Waterford | CTH:Waterford | CTH:Kilkenny,52.27036407999799,-7.109823791997538,True,waterford_city_hierarchy_review
1400646,https://www.logainm.ie/1400646.aspx,Na Daracha Glasa,Green Oaks,bilingual,SR,street,Kilkenny | Waterford,Kilkenny | Waterford,CON:Kilkenny | CON:Waterford | CTH:Waterford | CTH:Kilkenny,52.27018527755101,-7.104010474357671,True,waterford_city_hierarchy_review
1400816,https://www.logainm.ie/1400816.aspx,Arda Bhaile na Gráige,Belmont Heights,bilingual,SR,street,Kilkenny | Waterford,Kilkenny | Waterford,CON:Kilkenny | CON:Waterford | CTH:Waterford | CTH:Kilkenny,52.27019510692661,-7.09939484963418,True,waterford_city_hierarchy_review
1400819,https://www.logainm.ie/1400819.aspx,Ard Glas,Árd Glas,bilingual,SR,street,Kilkenny | Waterford,Kilkenny | Waterford,CON:Kilkenny | CON:Waterford | CTH:Waterford | CTH:Kilkenny,52.26329025685751,-7.09568183826292,True,waterford_city_hierarchy_review
1400831,https://www.logainm.ie/1400831.aspx,Clós na Mainistreach,Abbey Close,bilingual,SR,street,Kilkenny | Waterford,Kilkenny | Waterford,CON:Kilkenny | CON:Waterford | CTH:Waterford | CTH:Kilkenny,52.2623282606603,-7.082839089423131,True,waterford_city_hierarchy_review
1400832,https://www.logainm.ie/1400832.aspx,Garrán na Mainistreach,Abbey Grove,bilingual,SR,street,Kilkenny | Waterford,Kilkenny | Waterford,CON:Kilkenny | CON:Waterford | CTH:Waterford | CTH:Kilkenny,52.2623018672714,-7.0829128818159095,True,waterford_city_hierarchy_review
1400833,https://www.logainm.ie/1400833.aspx,Céide na Mainistreach,Abbey Drive,bilingual,SR,street,Kilkenny | Waterford,Kilkenny | Waterford,CON:Kilkenny | CON:Waterford | CTH:Waterford | CTH:Kilkenny,52.26192974063229,-7.083609082882959,True,waterford_city_hierarchy_review
1400834,https://www.logainm.ie/1400834.aspx,Páirc na Mainistreach,Abbey Park,bilingual,SR,street,Kilkenny | Waterford,Kilkenny | Waterford,CON:Kilkenny | CON:Waterford | CTH:Waterford | CTH:Kilkenny,52.260009451597504,-7.079415161552871,True,waterford_city_hierarchy_review
1400835,https://www.logainm.ie/1400835.aspx,Plásog na Mainistreach,Abbey Lawn,bilingual,SR,street,Kilkenny | Waterford,Kilkenny | Waterford,CON:Kilkenny | CON:Waterford | CTH:Waterford | CTH:Kilkenny,52.2622544172591,-7.08143425624022,True,waterford_city_hierarchy_review
1400901,https://www.logainm.ie/1400901.aspx,Clós na Silíní,Cherry Close,bilingual,SR,street,Kilkenny | Waterford,Kilkenny | Waterford,CON:Kilkenny | CON:Waterford | CTH:Waterford | CTH:Kilkenny,52.2683245828418,-7.094583097419711,True,waterford_city_hierarchy_review
1400902,https://www.logainm.ie/1400902.aspx,Clós an Leamháin,Elm Close,bilingual,SR,street,Kilkenny | Waterford,Kilkenny | Waterford,CON:Kilkenny | CON:Waterford | CTH:Waterford | CTH:Kilkenny,52.2685309514579,-7.093362809681981,True,waterford_city_hierarchy_review
1400904,https://www.logainm.ie/1400904.aspx,Fearann na Mainistreach,Abbeylands,bilingual,SR,street,Kilkenny | Waterford,Kilkenny | Waterford,CON:Kilkenny | CON:Waterford | CTH:Waterford | CTH:Kilkenny,52.2658968429421,-7.09331398777347,True,waterford_city_hierarchy_review
1400936,https://www.logainm.ie/1400936.aspx,Cúirt an Choill,Hazel Court,bilingual,SR,street,Kilkenny | Waterford,Kilkenny | Waterford,CON:Kilkenny | CON:Waterford | CTH:Waterford | CTH:Kilkenny,52.2671932695974,-7.092408469955439,True,waterford_city_hierarchy_review
1400937,https://www.logainm.ie/1400937.aspx,Céide na Sailí,Willow Drive,bilingual,SR,street,Kilkenny | Waterford,Kilkenny | Waterford,CON:Kilkenny | CON:Waterford | CTH:Waterford | CTH:Kilkenny,52.26724696903909,-7.0923780709819795,True,waterford_city_hierarchy_review
1400938,https://www.logainm.ie/1400938.aspx,Clós na Beithe,Birch Close,bilingual,SR,street,Kilkenny | Waterford,Kilkenny | Waterford,CON:Kilkenny | CON:Waterford | CTH:Waterford | CTH:Kilkenny,52.2677244038467,-7.091342726744501,True,waterford_city_hierarchy_review
1400942,https://www.logainm.ie/1400942.aspx,Bán Ard,Ban Ard,bilingual,SR,street,Kilkenny | Waterford,Kilkenny | Waterford,CON:Kilkenny | CON:Waterford | CTH:Waterford | CTH:Kilkenny,52.2632842423003,-7.09842148707348,True,waterford_city_hierarchy_review
1400943,https://www.logainm.ie/1400943.aspx,An Grianán,An Grianan,bilingual,SR,street,Kilkenny | Waterford,Kilkenny | Waterford,CON:Kilkenny | CON:Waterford | CTH:Waterford | CTH:Kilkenny,52.263605472106995,-7.0969353236263695,True,waterford_city_hierarchy_review
1400944,https://www.logainm.ie/1400944.aspx,Tuar na Blátha,Tuar na Blatha,bilingual,SR,street,Kilkenny | Waterford,Kilkenny | Waterford,CON:Kilkenny | CON:Waterford | CTH:Waterford | CTH:Kilkenny,52.2643481983176,-7.094151340867201,True,waterford_city_hierarchy_review
1400961,https://www.logainm.ie/1400961.aspx,Ascaill Brockton,Brockton Avenue,bilingual,SR,street,Kilkenny | Waterford,Kilkenny | Waterford,CON:Kilkenny | CON:Waterford | CTH:Waterford | CTH:Kilkenny,52.27201722375641,-7.109717411769731,True,waterford_city_hierarchy_review
1400962,https://www.logainm.ie/1400962.aspx,Cúirt Brockton,Brockton Court,bilingual,SR,street,Kilkenny | Waterford,Kilkenny | Waterford,CON:Kilkenny | CON:Waterford | CTH:Waterford | CTH:Kilkenny,52.2722521131376,-7.109873886709191,True,waterford_city_hierarchy_review
1400963,https://www.logainm.ie/1400963.aspx,Garrán Brockton,Brockton Grove,bilingual,SR,street,Kilkenny | Waterford,Kilkenny | Waterford,CON:Kilkenny | CON:Waterford | CTH:Waterford | CTH:Kilkenny,52.2718836891844,-7.11108278785252,True,waterford_city_hierarchy_review
1400969,https://www.logainm.ie/1400969.aspx,Céide Brockton,Brockton Drive,bilingual,SR,street,Kilkenny | Waterford,Kilkenny | Waterford,CON:Kilkenny | CON:Waterford | CTH:Waterford | CTH:Kilkenny,52.2718560649556,-7.110995424337019,True,waterford_city_hierarchy_review
1400970,https://www.logainm.ie/1400970.aspx,Céide na Saor,Masons Drive,bilingual,SR,street,Kilkenny | Waterford,Kilkenny | Waterford,CON:Kilkenny | CON:Waterford | CTH:Waterford | CTH:Kilkenny,52.2720223605343,-7.111592859749889,True,waterford_city_hierarchy_review
1400971,https://www.logainm.ie/1400971.aspx,Ascaill na Saor,Masons Avenue,bilingual,SR,street,Kilkenny | Waterford,Kilkenny | Waterford,CON:Kilkenny | CON:Waterford | CTH:Waterford | CTH:Kilkenny,52.2720321195775,-7.11169523384387,True,waterford_city_hierarchy_review
1400972,https://www.logainm.ie/1400972.aspx,Bóthar Arlington,Arlington Road,bilingual,SR,street,Kilkenny | Waterford,Kilkenny | Waterford,CON:Kilkenny | CON:Waterford | CTH:Waterford | CTH:Kilkenny,52.2725986615531,-7.111727866950739,True,waterford_city_hierarchy_review
1400973,https://www.logainm.ie/1400973.aspx,Garrán Arlington,Arlington Grove,bilingual,SR,street,Kilkenny | Waterford,Kilkenny | Waterford,CON:Kilkenny | CON:Waterford | CTH:Waterford | CTH:Kilkenny,52.2733010632576,-7.11070275726555,True,waterford_city_hierarchy_review
1400974,https://www.logainm.ie/1400974.aspx,Clós Arlington,Arlington Close,bilingual,SR,street,Kilkenny | Waterford,Kilkenny | Waterford,CON:Kilkenny | CON:Waterford | CTH:Waterford | CTH:Kilkenny,52.2727233263824,-7.1103773014234894,True,waterford_city_hierarchy_review
1400975,https://www.logainm.ie/1400975.aspx,Fiodh Mór,Fiodh Mór,bilingual,SR,street,Kilkenny | Waterford,Kilkenny | Waterford,CON:Kilkenny | CON:Waterford | CTH:Waterford | CTH:Kilkenny,52.2635981806737,-7.088965881733949,True,waterford_city_hierarchy_review
1400988,https://www.logainm.ie/1400988.aspx,Cnocán an Earbair,Arbourmount,bilingual,SR,street,Kilkenny | Waterford,Kilkenny | Waterford,CON:Kilkenny | CON:Waterford | CTH:Waterford | CTH:Kilkenny,52.2712573308358,-7.107886422084789,True,waterford_city_hierarchy_review
1401061,https://www.logainm.ie/1401061.aspx,An Garrán,The Grove,bilingual,SR,street,Kilkenny | Waterford,Kilkenny | Waterford,CON:Kilkenny | CON:Waterford | CTH:Waterford | CTH:Kilkenny,52.26854875679871,-7.102754127531891,True,waterford_city_hierarchy_review
1403509,https://www.logainm.ie/1403509.aspx,Clann Mhaoilíora,Clanmalire,bilingual,D,locality,Kildare | Laois | Offaly,Kildare | Laois | Offaly,CON:Laois | CON:Offaly | BAR:Portnahinch | BAR:Philipstown Upper | CON:Kildare,0,0,False,plausible_cross_boundary_feature
1404217,https://www.logainm.ie/1404217.aspx,Eastát Gharrán na Giúise,Pine Grove Estate,bilingual,SR,street,Mayo | Sligo,Mayo | Sligo,CON:Mayo | BAR:Costello | CON:Sligo | PAR:Kilbeagh | CBA:Sligo–Drumcliff | B:Charlestown | TR:Lissadill North,53.9619230568465,-8.791656644977802,True,street_hierarchy_conflict_review
1404239,https://www.logainm.ie/1404239.aspx,Siúlán na hAbhann,Riverwalk,bilingual,SR,street,Mayo | Sligo,Mayo | Sligo,CON:Mayo | BAR:Costello | CON:Sligo | PAR:Kilbeagh | CBA:Sligo–Drumcliff | B:Charlestown | TR:Collooney,53.9626523443324,-8.796882233362721,True,street_hierarchy_conflict_review
1404314,https://www.logainm.ie/1404314.aspx,Faiche an Aonaigh,The Fairgreen,bilingual,SR,street,Mayo | Sligo,Mayo | Sligo,CON:Mayo | BAR:Costello | CON:Sligo | PAR:Kilbeagh | CBA:Sligo–Drumcliff | B:Charlestown | TR:Collooney,53.9616009668247,-8.79823366463184,True,street_hierarchy_conflict_review
1406168,https://www.logainm.ie/1406168.aspx,Cluain Broc,Cluainbroc,bilingual,SR,street,Roscommon | Westmeath,Roscommon | Westmeath,CON:Westmeath | BAR:Brawny | PAR:Saint Mary's | B:Athlone | CON:Roscommon,53.4186235765928,-7.9820230696711905,True,street_hierarchy_conflict_review
1406174,https://www.logainm.ie/1406174.aspx,Dún na Lochlannach,Danesfort,bilingual,SR,street,Roscommon | Westmeath,Roscommon | Westmeath,CON:Westmeath | BAR:Brawny | PAR:Saint Mary's | B:Athlone | CON:Roscommon,53.4192071052974,-7.9783220825929,True,street_hierarchy_conflict_review
1406184,https://www.logainm.ie/1406184.aspx,Gort na Manach,Monksfield,bilingual,SR,street,Roscommon | Westmeath,Roscommon | Westmeath,CON:Westmeath | BAR:Brawny | PAR:Saint Mary's | B:Athlone | CON:Roscommon,53.4258682330272,-8.00398719362673,True,street_hierarchy_conflict_review
1406197,https://www.logainm.ie/1406197.aspx,Baile an Uisce,Waterville,bilingual,SR,street,Roscommon | Westmeath,Roscommon | Westmeath,CON:Westmeath | BAR:Brawny | PAR:Saint Mary's | B:Athlone | CON:Roscommon,53.4264253314131,-8.00598839173747,True,street_hierarchy_conflict_review
1409430,https://www.logainm.ie/1409430.aspx,Droichead Chnoc an Ghainimh,Knockaginny Bridge,bilingual,DR,bridge,Monaghan | Tyrone,Monaghan | Tyrone,CON:Monaghan | CON:Tyrone | BAR:Trough | BAR:Dungannon Lower | PAR:Donagh | PAR:Aghaloo | BF:Killyrean Upper | BF:Monmurry | BF:Knockaginny,54.3507791089111,-6.897620046847656,True,plausible_cross_boundary_feature
1409431,https://www.logainm.ie/1409431.aspx,Droichead an Eanaigh Rua,Annaghroe Bridge,bilingual,DR,bridge,Monaghan | Tyrone,Monaghan | Tyrone,CON:Monaghan | CON:Tyrone | BAR:Trough | BAR:Dungannon Lower | PAR:Donagh | PAR:Aghaloo | BF:Corraghdown | BF:Leek | BF:Annaghroe,54.33847003817757,-6.875404940595206,True,plausible_cross_boundary_feature
1410314,https://www.logainm.ie/1410314.aspx,Sléibhte Bhaile Átha Cliath | Sléibhte Chill Mhantáin | An Sliabh Rua,Dublin Mountains | Wicklow Mountains,bilingual,SL,mountain or mountain range,Dublin | Wicklow,Dublin | Wicklow,CON:Dublin | CON:Wicklow,0,0,False,plausible_cross_boundary_feature
1410404,https://www.logainm.ie/1410404.aspx,An Currach Mór,Curraghmore | Curraghmore Meadows,bilingual,RIASC,marsh,Cavan | Monaghan,Cavan | Monaghan,CON:Cavan | CON:Monaghan | BAR:Clankee | BAR:Farney | PAR:Shercock | PAR:Magheross | BF:Croley | BF:Lisdrumfad | BF:Lisdrumskea | B:Shercock | BF:Corcreeghagh,53.9891891708589,-6.902189921563901,True,plausible_cross_boundary_feature
1410559,https://www.logainm.ie/1410559.aspx,Abhainn Áth na Broiscí,Aughnabrisky River,bilingual,ABH,river,Carlow | Wexford,Carlow | Wexford,CON:Carlow | CON:Wexford | BAR:Idrone East | BAR:Scarawalsh | PAR:Ballyellin | PAR:Templeshanbo,52.61331844254191,-6.790588663515221,True,plausible_cross_boundary_feature
1410688,https://www.logainm.ie/1410688.aspx,Abhainn Pholl an Mhóintigh,Pollmounty River | Poulmounty River,bilingual,ABH,river,Carlow | Wexford,Carlow | Wexford,CON:Carlow | CON:Wexford | BAR:Saint Mullin's Lower | BAR:Bantry | PAR:Saint Mullin's | PAR:Saint Mullin's,52.49734225951441,-6.88254791966991,True,plausible_cross_boundary_feature
1410691,https://www.logainm.ie/1410691.aspx,Droichead Bhéal Átha na Cora,Ballynacarry Bridge,bilingual,DR,bridge,Armagh | Monaghan,Armagh | Louth | Monaghan,CON:Armagh | CON:Monaghan | BAR:Farney | BAR:Fews Upper | CBA:Carrickmacross–Castleblayney | PAR:Donaghmoyne | PAR:Creggan | TR:Broomfield | BF:Ardkirk | BF:Ballynacarry,54.06912700974085,-6.66447087842725,True,plausible_cross_boundary_feature
1410766,https://www.logainm.ie/1410766.aspx,Diméin Liamhna,Lyons Demesne,bilingual,SR,street,Dublin | Kildare,Dublin | Kildare,CON:Dublin | BAR:Newcastle | CON:Kildare | CR:South Dublin,0,0,False,street_hierarchy_conflict_review
1410870,https://www.logainm.ie/1410870.aspx,,Cloggagh Lough,english_only,L,lake or lakes,Cavan | Meath,Cavan | Meath,CON:Cavan | CON:Meath | BAR:Clankee | BAR:Kells Lower | CBA:Kells | PAR:Moybolgue | PAR:Moybolgue | TR:Moybolgue | BF:Aghnaclue | BF:Cormeen,53.8609564419806,-6.924786662490309,True,plausible_cross_boundary_feature
1410947,https://www.logainm.ie/1410947.aspx,,Askabawn,english_only,SRUTHAN,stream,Dublin | Wicklow,Dublin | Wicklow,CON:Dublin | CON:Wicklow | BAR:Uppercross | BAR:Rathdown | PAR:Tallaght | PAR:Powerscourt | BF:Castlekelly | BF:Oldboleys,53.2091478706687,-6.28899962424105,True,plausible_cross_boundary_feature
1410951,https://www.logainm.ie/1410951.aspx,,Barnacreely,english_only,BEAR,pass,Dublin | Wicklow,Dublin | Wicklow,CON:Dublin | BAR:Uppercross | CON:Wicklow | BAR:Talbotstown Lower | PAR:Tallaght | PAR:Kilbride | BF:Castlekelly | BF:Shankill | ID:Glenasmole,53.203992933224804,-6.370036262869251,True,plausible_cross_boundary_feature
1410988,https://www.logainm.ie/1410988.aspx,Calaí na Sionainne,River Shannon Callows,bilingual,D,locality,Galway | Offaly,Galway | Offaly,CON:Galway | CON:Offaly,0,0,False,plausible_cross_boundary_feature
1410997,https://www.logainm.ie/1410997.aspx,Coimpléasc Chuan na Gaillimhe,Galway Bay Complex,bilingual,BA,bay,Clare | Galway,Clare | Galway,CON:Clare | CON:Galway,0,0,False,plausible_cross_boundary_feature
1411006,https://www.logainm.ie/1411006.aspx,Portach Loch an Tóraic Theas,Loughatorick South Bog,bilingual,POR,bog,Clare | Galway,Clare | Galway,CON:Clare | CON:Galway | BAR:Tulla Upper | BAR:Leitrim | PAR:Moynoe | PAR:Ballynakill | BF:Pollagoona Mountain | BF:Loughatorick South,53.00759114791461,-8.51836388093244,True,plausible_cross_boundary_feature
1411023,https://www.logainm.ie/1411023.aspx,Loch an Tearmainn,Termon Lough,bilingual,L,lake or lakes,Clare | Galway,Clare | Galway,CON:Galway | BAR:Kiltartan | CBA:Loughrea | PAR:Beagh | PAR:Kilmacduagh | CON:Clare | TR:Beagh | BAR:Inchiquin | BF:Fiddaun | BF:Termon,53.02100993465919,-8.87923688783854,True,plausible_cross_boundary_feature
1411100,https://www.logainm.ie/1411100.aspx,Slí Shléibhte Bhaile Átha Cliath,Dublin Mountains Way,bilingual,COS,footpath,Dublin | Wicklow,Dublin | Wicklow,CON:Dublin | CON:Wicklow | CR:South Dublin,0,0,False,plausible_cross_boundary_feature
1411136,https://www.logainm.ie/1411136.aspx,Cuan Eachinse,Aughinish Bay,bilingual,CUAN,harbour,Clare | Galway,Clare | Galway,CON:Clare | BAR:Burren | PAR:Abbey | PAR:Oughtmama | CON:Galway,53.118802420066594,-9.075154038354858,True,plausible_cross_boundary_feature
1411210,https://www.logainm.ie/1411210.aspx,,Fraughan Rock Glen,english_only,GL,valley,Cork | Wicklow,Cork | Wicklow,CON:Wicklow | CON:Cork | BAR:Ballinacor South | CTH:Cork | CBA:Arklow | PAR:Ballinacor | TR:Knockrath | BF:Ballinaskea,52.9815462518422,-6.43649976987502,True,plausible_cross_boundary_feature
1411224,https://www.logainm.ie/1411224.aspx,An Scailp,The Scalp,bilingual,GNE,feature,Dublin | Wicklow,Dublin | Wicklow,CON:Dublin | CON:Wicklow | BAR:Rathdown | BAR:Rathdown | PAR:Rathmichael | PAR:Powerscourt | BF:Barnaslingan | BF:Killegar,53.2173977740013,-6.17861455136617,True,plausible_cross_boundary_feature
1411227,https://www.logainm.ie/1411227.aspx,,Barnascallard | Featherbed Pass,english_only,MNG,minor feature,Dublin | Wicklow,Dublin | Wicklow,CON:Dublin | CON:Wicklow | BAR:Uppercross | BAR:Rathdown | PAR:Tallaght | PAR:Powerscourt | BF:Glassamucky Brakes | BF:Oldboleys,53.220119328227,-6.30203930324779,True,plausible_cross_boundary_feature
1411230,https://www.logainm.ie/1411230.aspx,,Lugnahala,english_only,LOG,hollow,Dublin | Wicklow,Dublin | Wicklow,CON:Dublin | CON:Wicklow | BAR:Uppercross | BAR:Rathdown | PAR:Cruagh | PAR:Powerscourt | BF:Glendoo | BF:Oldboleys,53.2079904477748,-6.271081438738029,True,manual_review
1411348,https://www.logainm.ie/1411348.aspx,Droichead na Líre,Lerr Bridge,bilingual,DR,bridge,Carlow | Kildare,Carlow | Kildare,CON:Carlow | CON:Kildare | BAR:Carlow | BAR:Kilkea and Moone | PAR:Painestown | PAR:Painestown | BF:Aghanure | BF:Newacre | BF:Jerusalem,52.87999019360248,-6.9338890395181805,True,plausible_cross_boundary_feature
1411397,https://www.logainm.ie/1411397.aspx,Sléibhte Dhartraí,Dartry Mountains,bilingual,SL,mountain or mountain range,Leitrim | Sligo,Leitrim | Sligo,CON:Leitrim | BAR:Rosclogher | CON:Sligo,0,0,False,plausible_cross_boundary_feature
1411400,https://www.logainm.ie/1411400.aspx,Droichead Mhic Eoin,Johnstonbridge,bilingual,ID,population centre,Leitrim | Longford,Leitrim | Longford,CON:Leitrim | CON:Longford | BAR:Mohill | BAR:Longford | PAR:Mohill | PAR:Mohill,53.82763022671633,-7.862746742623077,True,administrative_boundary_review
1411465,https://www.logainm.ie/1411465.aspx,An Bhrosnach,Brusna River,bilingual,ABH,river,Mayo | Sligo,Mayo | Sligo,CON:Mayo | CON:Sligo | BAR:Tireragh | BAR:Gallen | BAR:Leyny,54.142073474595364,-9.059744176227284,True,plausible_cross_boundary_feature
1411593,https://www.logainm.ie/1411593.aspx,Port Chluain Eoghain,Portglenone,bilingual,B,town,Antrim | Derry,Antrim | Derry,CON:Antrim | CON:Derry | BAR:Loughinsholin | BAR:Toome Lower | PAR:Tamlaght O'Crilly | PAR:Portglenone,54.8740699997438,-6.473176624996061,True,administrative_boundary_review
1411958,https://www.logainm.ie/1411958.aspx,,Derrykerrib Lough,english_only,L,lake or lakes,Cavan | Fermanagh,Cavan | Fermanagh | Monaghan,CON:Cavan | CON:Fermanagh | BAR:Loughtee Lower | BAR:Coole | CBA:Cavan–Belturbet | PAR:Drumlane | PAR:Drummully | TR:Grilly | BF:Quivvy | BF:Derrykerrib,54.1355773751515,-7.369309943186961,True,plausible_cross_boundary_feature
1412523,https://www.logainm.ie/1412523.aspx,An Bhearna Dhearg,Redchard or Bearna Dearg | Bearnadargh,bilingual,MNG,minor feature,Cork | Limerick,Cork | Limerick,CON:Limerick | BAR:Muskerry West | BAR:Coshlea | CON:Cork | CBA:Macroom | BAR:Condons and Clangibbon | PAR:Kilmichael | PAR:Kilflyn | TR:Teerelton | PAR:Kildorrery | BF:Gortacurrig | BF:Coolavehy,52.28929428781888,-8.452068470768115,True,plausible_cross_boundary_feature
1413179,https://www.logainm.ie/1413179.aspx,Eas Danainne,Eas Danoinne | Leap of Dunass,bilingual,EAS,waterfall,Clare | Limerick,Clare | Limerick | Tipperary,CON:Clare | CON:Limerick | BAR:Tulla Lower | BAR:Clanwilliam | PAR:Kiltenanlea | PAR:Stradbally | BF:Doonass Demesne | BF:Hermitage,52.704702999999995,-8.516604999999998,True,manual_review
1413461,https://www.logainm.ie/1413461.aspx,An Abhainn Bhuí,Yellow River,bilingual,ABH,river,Mayo | Sligo,Mayo | Sligo,CON:Mayo | BAR:Gallen | PAR:Attymass | CON:Sligo,54.034831411139,-9.01658359889341,True,plausible_cross_boundary_feature
1413844,https://www.logainm.ie/1413844.aspx,Loch an Ghleanna,Glen Lough,bilingual,L,lake or lakes,Longford | Westmeath,Longford | Westmeath,CON:Longford | BAR:Ardagh | PAR:Ardagh | CON:Westmeath,53.6774498302367,-7.68296644144523,True,plausible_cross_boundary_feature
1413986,https://www.logainm.ie/1413986.aspx,Sliabh Raisean,Slieve Rushen,bilingual,SL,mountain or mountain range,Cavan | Fermanagh,Cavan | Fermanagh,CON:Cavan | CON:Fermanagh | BAR:Tullyhaw | BAR:Knockninny | PAR:Kinawley | PAR:Tomregan | PAR:Templeport | PAR:Kinawley | BF:Mullanacre Upper | BF:Mullaghlea | BF:Legavreagra | BF:Aghyoule | BF:Tonymore,54.15286110000001,-7.641359500000001,True,plausible_cross_boundary_feature
1414468,https://www.logainm.ie/1414468.aspx,Loch an Leamhnachta,Lough Alewnaghta,bilingual,L,lake or lakes,Clare | Galway,Clare | Galway,CON:Clare | BAR:Leitrim | PAR:Clonrush | BF:Tintrim | CON:Galway,52.967242066067,-8.34808761644494,True,plausible_cross_boundary_feature
1414725,https://www.logainm.ie/1414725.aspx,Loch Seirce,Lough Shark,bilingual,L,lake or lakes,Armagh | Down,Armagh | Down,"CON:Armagh | CON:Down | BAR:Orior Lower | BAR:Iveagh Upper, Upper Half | PAR:Ballymore | PAR:Aghaderg | BF:Druminargal | BF:Lisnabrague",54.3212682540801,-6.372700102952919,True,plausible_cross_boundary_feature
1414817,https://www.logainm.ie/1414817.aspx,Slí Cualann,,irish_only,BOTHAR,road,Dublin | Wicklow,Dublin | Wicklow,CON:Dublin | CON:Wicklow,0,0,False,manual_review
1414836,https://www.logainm.ie/1414836.aspx,,Garradoo,english_only,MNG,minor feature,Dublin | Wicklow,Dublin | Wicklow,CON:Dublin | CON:Wicklow | BAR:Uppercross | BAR:Rathdown | PAR:Tallaght | PAR:Powerscourt | BF:Glassamucky Brakes | BF:Oldboleys,53.23040186436109,-6.330090600133399,True,plausible_cross_boundary_feature
1414840,https://www.logainm.ie/1414840.aspx,,Featherbed Bog | Featherbeds | Featherbed Mountain,english_only,POR,bog,Dublin | Wicklow,Dublin | Wicklow,CON:Dublin | CON:Wicklow | BAR:Uppercross | BAR:Rathdown | PAR:Tallaght | PAR:Powerscourt | BF:Glassamucky Brakes | BF:Glassamucky Mountain | BF:Oldboleys,53.2206706606331,-6.318100225193379,True,plausible_cross_boundary_feature
1416321,https://www.logainm.ie/1416321.aspx,Slí na Mianach Luaidhe,Lead Mines Way,bilingual,COS,footpath,Dublin | Wicklow,Dublin | Wicklow,CON:Dublin | CON:Wicklow | BAR:Rathdown | BAR:Rathdown,0,0,False,plausible_cross_boundary_feature
1416466,https://www.logainm.ie/1416466.aspx,,Glashananninnaun Stream,english_only,SRUTHAN,stream,Cork | Kerry,Cork | Kerry,CON:Kerry | BAR:Glanarought | PAR:Tuosist | BF:Cuhig | CON:Cork,51.74485254264516,-9.85134353047796,True,plausible_cross_boundary_feature
1416694,https://www.logainm.ie/1416694.aspx,Cora Droma Rúisc,Carrick-on-Shannon,bilingual,B,town,Leitrim | Roscommon,Leitrim | Roscommon,CON:Leitrim | CON:Roscommon | BAR:Leitrim | BAR:Boyle | PAR:Kiltoghert | PAR:Killukin,53.945801118510296,-8.08922167516292,True,administrative_boundary_review
1416737,https://www.logainm.ie/1416737.aspx,Léim an tSagairt,Priest's Leap,bilingual,BEAR,pass,Cork | Kerry,Cork | Kerry,CON:Kerry | BAR:Glanarought | PAR:Kilcaskan | BF:Cummeenshrule | CON:Cork,51.79348835065983,-9.471076924547141,True,plausible_cross_boundary_feature
1417013,https://www.logainm.ie/1417013.aspx,Sliabh Luachra,,irish_only,D,locality,Cork | Kerry | Limerick,Cork | Kerry | Limerick,CON:Kerry | CON:Cork | CON:Limerick,0,0,False,plausible_cross_boundary_feature
1417091,https://www.logainm.ie/1417091.aspx,Com an tSagairt,Coomataggart,bilingual,SL,mountain or mountain range,Cork | Kerry,Cork | Kerry,CON:Kerry | CON:Cork | BAR:Muskerry West | BAR:Glanarought | PAR:Inchigeelagh | PAR:Kilgarvan | BF:Derreenlunnig | BF:Grousemount,51.86542610000001,-9.305563500000002,True,plausible_cross_boundary_feature
1417371,https://www.logainm.ie/1417371.aspx,An Chlóideach,Clody River,bilingual,ABH,river,Carlow | Wexford,Carlow | Wexford,CON:Carlow | CON:Wexford,0,0,False,plausible_cross_boundary_feature
1417398,https://www.logainm.ie/1417398.aspx,An Charraig Dhubh,Blackstairs Mountain,bilingual,SL,mountain or mountain range,Carlow | Wexford,Carlow | Wexford,CON:Carlow | CON:Wexford,52.5490566244986,-6.805608326337772,True,plausible_cross_boundary_feature
1417411,https://www.logainm.ie/1417411.aspx,Loch Eanaigh,Annaghmore Lough,bilingual,L,lake or lakes,Laois | Offaly,Laois | Offaly,CON:Offaly | BAR:Ballyboy | CON:Laois | CBA:Tullamore | BAR:Tinnahinch | PAR:Killoughy | TR:Rathrobin | PAR:Kilmanman | BF:Annaghmore,0,0,False,plausible_cross_boundary_feature
1417494,https://www.logainm.ie/1417494.aspx,Droichead Mháire Mhic Giolla Íosa,Mary McAleese Bridge,bilingual,DR,bridge,Louth | Meath,Louth | Meath,CON:Louth | CON:Meath,0,0,False,plausible_cross_boundary_feature
1417748,https://www.logainm.ie/1417748.aspx,Glaise an Ionathair,Closh River,bilingual,ABH,river,Laois | Offaly,Laois | Offaly,BAR:Clandonagh | CON:Laois | CON:Offaly | BAR:Upperwoods | BAR:Ballybritt | PAR:Kyle | BF:Ballaghmore Upper,0,0,False,plausible_cross_boundary_feature
1418278,https://www.logainm.ie/1418278.aspx,An Rí,Blackford Stream,bilingual,ABH,river,Kildare | Laois,Kildare | Laois,CON:Laois | BAR:Stradbally | PAR:Curraclone | BF:Blackford | CON:Kildare,0,0,False,plausible_cross_boundary_feature
1418301,https://www.logainm.ie/1418301.aspx,Slí Chill Mhantáin,Wicklow Way,bilingual,COS,footpath,Dublin | Wicklow,Dublin | Wicklow,CON:Dublin | CON:Wicklow | CTH:Dublin,0,0,False,plausible_cross_boundary_feature
1418573,https://www.logainm.ie/1418573.aspx,Carraig na Lachan,Carrigalachan,bilingual,SL,mountain or mountain range,Carlow | Wexford,Carlow | Wexford,BAR:Saint Mullin's Lower | BAR:Bantry | PAR:Saint Mullin's | PAR:Killann | CON:Carlow | CON:Wexford,52.53041700000001,-6.836659,True,plausible_cross_boundary_feature
1418574,https://www.logainm.ie/1418574.aspx,An Charraig Rua,Carrigroe,bilingual,SL,mountain or mountain range,Carlow | Wexford,Carlow | Wexford,CON:Carlow | CON:Wexford,0,0,False,plausible_cross_boundary_feature
1418801,https://www.logainm.ie/1418801.aspx,Loch an Tóraic,Lough Atorick,bilingual,L,lake or lakes,Clare | Galway,Clare | Galway,CON:Clare | BAR:Tulla Upper | BAR:Leitrim | CON:Galway,53.0193383902016,-8.550235225982988,True,plausible_cross_boundary_feature
1418898,https://www.logainm.ie/1418898.aspx,An Taobh Bán,Tievebaun Mountain,bilingual,SL,mountain or mountain range,Leitrim | Sligo,Leitrim | Sligo,CON:Leitrim | BAR:Rosclogher | CON:Sligo | BAR:Carbury | PAR:Rossinver,54.399732392320644,-8.358317076456466,True,plausible_cross_boundary_feature
1419176,https://www.logainm.ie/1419176.aspx,,Wellesley Bridge | Feale Bridge,english_only,DR,bridge,Kerry | Limerick,Kerry | Limerick,CON:Kerry | BAR:Trughanacmy | PAR:Brosna | BF:Kilmaniheen West | CON:Limerick,0,0,False,plausible_cross_boundary_feature
1419579,https://www.logainm.ie/1419579.aspx,,Coomacloghane,english_only,SL,mountain or mountain range,Cork | Kerry,Cork | Kerry,CON:Kerry | CON:Cork | BAR:Bear | BAR:Glanarought | PAR:Kilcatherine | PAR:Tuosist | BF:Ardgroom Outward | BF:Shronebirrane,51.73333039869178,-9.833338260328883,True,plausible_cross_boundary_feature
1419581,https://www.logainm.ie/1419581.aspx,An Cladach Garbh,Claddaghgarriff,bilingual,SL,mountain or mountain range,Cork | Kerry,Cork | Kerry,CON:Kerry | CON:Cork | BAR:Bear | BAR:Glanarought | CBA:West Cork | PAR:Kilcaskan | PAR:Tuosist | TR:Adrigole | BF:Clashduff | BF:Coolcreen,0,0,False,plausible_cross_boundary_feature
1419646,https://www.logainm.ie/1419646.aspx,,Clogh River,english_only,ABH,river,Kilkenny | Laois,Kilkenny | Laois,CON:Kilkenny | CON:Laois,52.870870699790956,-7.159688957606157,True,plausible_cross_boundary_feature
1419754,https://www.logainm.ie/1419754.aspx,Sliabh gCua,,irish_only,D,locality,Tipperary | Waterford,Tipperary | Waterford,CON:Waterford | CON:Tipperary,0,0,False,plausible_cross_boundary_feature
1419961,https://www.logainm.ie/1419961.aspx,Droichead Thomáis Proinsias Uí Mheachair,Thomas Francis Meagher Bridge,bilingual,DR,bridge,Kilkenny | Waterford,Kilkenny | Waterford,CON:Kilkenny | CON:Waterford,0,0,False,plausible_cross_boundary_feature
1420123,https://www.logainm.ie/1420123.aspx,Oirialla,Oriel,bilingual,D,locality,Armagh | Louth | Monaghan,Armagh | Louth | Monaghan,CON:Armagh | CON:Louth | CON:Monaghan,0,0,False,plausible_cross_boundary_feature
1420124,https://www.logainm.ie/1420124.aspx,Osraí,Ossory,bilingual,D,locality,Kilkenny | Laois,Kilkenny | Laois,CON:Laois | BAR:Clarmallagh | BAR:Upperwoods | BAR:Clandonagh | CON:Kilkenny,0,0,False,plausible_cross_boundary_feature
1420171,https://www.logainm.ie/1420171.aspx,Magh Breá,,irish_only,AINMST,historical name,Dublin | Meath,Dublin | Meath,CON:Dublin | CON:Meath,0,0,False,manual_review
1420191,https://www.logainm.ie/1420191.aspx,Ioraras,,irish_only,AINMST,historical name,Meath | Westmeath,Meath | Westmeath,CON:Westmeath | CON:Meath,0,0,False,manual_review
1420198,https://www.logainm.ie/1420198.aspx,Maigh Sléacht,,irish_only,AINMST,historical name,Cavan | Leitrim,Cavan | Leitrim,CON:Cavan | CON:Leitrim,0,0,False,manual_review
1421767,https://www.logainm.ie/1421767.aspx,An Abhainn Dubh,River Blackwater,bilingual,ABH,river,Kildare | Meath,Kildare | Meath,CON:Kildare | BAR:Ikeathy and Oughterany | PAR:Scullogestown | BF:Hortland | CON:Meath,0,0,False,plausible_cross_boundary_feature
1429042,https://www.logainm.ie/1429042.aspx,,Listowel Road,english_only,SR,street,Kerry | Limerick,Kerry | Limerick,CON:Limerick | BAR:Glenquin | CON:Kerry | PAR:Abbeyfeale | CBA:Listowel | TR:Moynsha | B:Abbeyfeale,52.387387276265,-9.305496964111372,True,street_hierarchy_conflict_review
1436421,https://www.logainm.ie/1436421.aspx,Droichead Rose Fitzgerald Kennedy,Rose Fitzgerald Kennedy Bridge,bilingual,DR,bridge,Kilkenny | Wexford,Kilkenny | Wexford,CON:Kilkenny | BAR:Ida | PAR:Ballygurrim | BF:Ballyverneen | CON:Wexford,52.3564064523999,-6.99296488645604,True,plausible_cross_boundary_feature
1436461,https://www.logainm.ie/1436461.aspx,Calaí na Brosnaí Bige,River Little Brosna Callows | Little Brosna River Callows,bilingual,D,locality,Offaly | Tipperary,Offaly | Tipperary,CON:Tipperary | CON:Offaly,0,0,False,plausible_cross_boundary_feature
1436495,https://www.logainm.ie/1436495.aspx,,Cross Water,english_only,ABH,river,Cavan | Meath,Cavan | Meath,CON:Cavan | CON:Meath,0,0,False,plausible_cross_boundary_feature
1436713,https://www.logainm.ie/1436713.aspx,Cuala,,irish_only,?,unknown,Dublin | Wicklow,Dublin | Wicklow,CON:Dublin | CON:Wicklow,0,0,False,manual_review
1436782,https://www.logainm.ie/1436782.aspx,Portach Mhoin Uí Éimhigh,Mount Hevey Bog,bilingual,POR,bog,Meath | Westmeath,Meath | Westmeath,BAR:Moyfenrath Upper | CON:Westmeath | BAR:Farbill | PAR:Clonard | CON:Meath | BAR:Moyfenrath Lower | PAR:Killucan | BF:Kilnagalliagh,0,0,False,plausible_cross_boundary_feature
1437572,https://www.logainm.ie/1437572.aspx,Loch na gCurrach,Lough Corry,bilingual,L,lake or lakes,Leitrim | Roscommon,Leitrim | Roscommon,CON:Leitrim | CON:Roscommon | BAR:Leitrim | BAR:Roscommon | BAR:Boyle | PAR:Kiltoghert | PAR:Killummod | PAR:Aughrim,53.920101402620915,-8.084427564623928,True,plausible_cross_boundary_feature
1437610,https://www.logainm.ie/1437610.aspx,Droichead Uí Cheallaigh,Kelly's Bridge,bilingual,DR,bridge,Donegal | Tyrone,Donegal | Tyrone,CON:Donegal | CON:Tyrone | BAR:Tirhugh | BAR:Omagh West | CBA:Donegal | PAR:Drumhome | PAR:Termonamongan | TR:Tullynaught | BF:Croaghnakern | BF:Slievedoo,54.66188041109741,-7.901704163534737,True,plausible_cross_boundary_feature
1437947,https://www.logainm.ie/1437947.aspx,Droichead Bhun Drobhaoise,,irish_only,DR,bridge,Donegal | Leitrim,Donegal | Leitrim,CON:Donegal | CON:Leitrim,54.47259229691657,-8.320723818021191,True,plausible_cross_boundary_feature
